ID_Venda;Data_Venda;ID_Produto;Quantidade;Preco_Unitario;ID_Cliente;Valor_Total;Canal_Venda;Forma_Pagamento;Desconto;Frete;Regiao;Categoria_Produto
1;2023-06-22;168;56.0;291.26;1281;11723.54;Distribuidor;Dinheiro;28.2;12.56;Sudeste;Móveis
2;2023-02-17;186;44.0;184.88;1545;7735.18;Online;Transferência Bancária;5.12;16.96;Centro-Oeste;Cosméticos
3;2023-04-28;157;68.0;467.58;1468;28034.97;Loja Física;Cartão de Crédito;11.96;42.26;Centro-Oeste;Cosméticos
4;2023-07-12;193;21.0;189.5;1576;3012.53;Loja Física;Dinheiro;25.1;31.88;Sudeste;Roupas
5;2023-11-20;111;92.0;463.81;1161;34424.12;Online;Boleto;19.36;14.61;Norte;Eletrônicos
6;2023-09-09;178;93.0;38.7;1083;3491.17;Loja Física;Boleto;3.5;18.04;Centro-Oeste;Eletrônicos
7;2023-07-15;182;15.0;117.77;1457;1291.55;Loja Física;Boleto;27.41;9.21;Sul;Eletrônicos
8;2023-12-26;189;15.0;422.91;1258;4730.8;Loja Física;Boleto;25.54;7.32;Nordeste;Móveis
9;2023-01-10;103;81.0;90.2;1528;6412.91;Loja Física;Dinheiro;12.59;26.56;Norte;Móveis
10;2023-07-31;137;64.0;137.52;1126;7866.43;Distribuidor;Transferência Bancária;10.96;29.77;Sul;Eletrônicos
11;2023-10-05;107;44.0;191.9;1087;6618.71;Loja Física;Transferência Bancária;21.99;31.86;Centro-Oeste;Eletrônicos
12;2023-08-31;129;28.0;296.26;1829;6922.11;Loja Física;Boleto;17.02;38.69;Norte;Alimentos
13;2023-10-20;178;88.0;202.23;1826;17715.73;Online;Boleto;0.53;13.81;Sudeste;Alimentos
14;2023-03-29;111;21.0;141.4;1626;2962.55;Distribuidor;Cartão de Crédito;1.19;28.49;Norte;Eletrônicos
15;2023-03-12;173;24.0;248.6;1025;4565.21;Online;Boleto;23.97;28.96;Centro-Oeste;Móveis
16;2023-03-30;111;35.0;;1122;;Loja Física;Cartão de Crédito;12.26;13.89;Nordeste;Móveis
17;2023-11-11;116;;481.58;1938;;Online;Dinheiro;3.93;28.54;Sul;Eletrônicos
18;2023-07-13;160;66.0;341.22;1720;16525.27;Distribuidor;Boleto;26.79;38.0;Sudeste;Roupas
19;2023-02-09;163;23.0;104.16;1913;1884.22;Loja Física;Dinheiro;21.75;9.6;Norte;Alimentos
20;2023-03-29;159;22.0;383.05;1040;7519.87;Loja Física;Transferência Bancária;11.22;38.29;Nordeste;Roupas
21;2023-06-24;101;58.0;490.76;1316;27341.36;Loja Física;Boleto;4.04;27.23;Nordeste;Móveis
22;2023-03-30;118;69.0;83.85;1337;5716.47;Loja Física;Cartão de Crédito;1.51;18.18;Sul;Roupas
23;2023-12-04;153;46.0;89.5;1506;3341.2;Distribuidor;Transferência Bancária;19.21;15.08;Norte;Cosméticos
24;2023-06-15;128;40.0;;1253;;Loja Física;Dinheiro;18.77;23.17;Norte;Cosméticos
25;2023-01-26;164;25.0;152.47;1497;2986.67;Online;Transferência Bancária;22.25;23.03;Sul;Móveis
26;2023-11-30;185;87.0;351.03;1741;24623.38;Loja Física;Dinheiro;19.43;17.62;Nordeste;Móveis
27;2023-03-14;188;18.0;173.06;1425;2729.72;Online;Boleto;13.49;34.86;Norte;Roupas
28;2023-09-23;173;53.0;56.77;1422;2926.75;Loja Física;Cartão de Crédito;3.46;22.04;Sudeste;Eletrônicos
29;2023-04-26;108;91.0;4989.41;1204;403467.56;Loja Física;Dinheiro;11.14;10.89;Centro-Oeste;Móveis
30;2023-09-01;182;;389.82;1198;;Distribuidor;Dinheiro;18.25;31.44;Norte;Alimentos
31;2023-07-17;111;6.0;208.47;1367;1066.68;Distribuidor;Cartão de Crédito;15.75;12.86;Sudeste;Eletrônicos
32;2023-12-02;192;98.0;336.74;1280;30119.97;Distribuidor;Cartão de Crédito;8.76;10.3;Nordeste;Cosméticos
33;2023-12-05;151;87.0;298.63;1289;24190.6;Online;Transferência Bancária;7.07;46.63;Sul;Eletrônicos
34;2023-04-10;181;83.0;325.39;1462;24559.42;Online;Transferência Bancária;9.15;23.22;Sudeste;Roupas
35;2023-06-27;155;11.0;216.72;1197;2369.55;Online;Boleto;1.97;32.59;Sudeste;Móveis
36;2023-09-01;115;63.0;243.78;1009;12204.68;Loja Física;Dinheiro;20.59;8.78;Norte;Alimentos
37;2023-10-13;103;30.0;409.33;1037;11002.46;Loja Física;Cartão de Crédito;10.56;19.32;Sul;Roupas
38;2023-05-28;188;12.0;297.69;1358;3283.66;Loja Física;Cartão de Crédito;9.11;36.81;Sul;Móveis
39;2023-05-28;185;31.0;56.2;1907;1482.62;Loja Física;Transferência Bancária;16.11;21.09;Sudeste;Eletrônicos
40;2023-10-16;128;72.0;24.63;1921;1484.33;Distribuidor;Dinheiro;18.51;39.22;Sudeste;Cosméticos
41;2023-09-23;158;59.0;260.51;1784;15354.68;Loja Física;Transferência Bancária;0.3;30.7;Nordeste;Móveis
42;2023-07-05;185;95.0;276.88;1083;20819.79;Online;Cartão de Crédito;20.91;16.27;Norte;Móveis
43;2023-05-08;178;43.0;409.92;1829;14000.12;Online;Dinheiro;20.85;48.7;Sul;Cosméticos
44;2023-02-02;165;86.0;367.91;1378;27474.21;Loja Física;Boleto;13.23;19.96;Centro-Oeste;Roupas
45;2023-02-01;176;72.0;120.44;1919;7185.62;Distribuidor;Boleto;17.42;24.55;Sudeste;Móveis
46;2023-07-22;111;26.0;398.86;1434;8814.36;Distribuidor;Boleto;15.12;12.0;Centro-Oeste;Eletrônicos
47;2023-09-02;125;55.0;318.27;1633;17439.82;Distribuidor;Transferência Bancária;0.45;13.74;Sudeste;Alimentos
48;2023-06-01;111;84.0;124.3;1880;10118.03;Distribuidor;Boleto;3.48;40.18;Sul;Móveis
49;2023-06-13;190;26.0;262.78;1521;5621.96;Loja Física;Transferência Bancária;18.36;44.09;Norte;Alimentos
50;2023-07-03;134;46.0;127.61;1810;5407.27;Distribuidor;Cartão de Crédito;8.43;32.06;Centro-Oeste;Cosméticos
51;2023-01-29;101;4.0;363.64;1425;1492.72;Distribuidor;Cartão de Crédito;0.67;47.91;Nordeste;Móveis
52;2023-10-18;116;85.0;157.91;1745;9881.64;Loja Física;Cartão de Crédito;26.68;40.37;Sul;Móveis
53;2023-05-09;101;84.0;253.4;1999;15461.33;Online;Cartão de Crédito;27.48;25.01;Centro-Oeste;Alimentos
54;2023-05-09;116;38.0;450.12;1026;14162.5;Loja Física;Transferência Bancária;17.32;20.45;Sudeste;Cosméticos
55;2023-02-23;133;34.0;493.81;1375;14467.63;Online;Cartão de Crédito;13.86;5.12;Norte;Eletrônicos
56;2023-02-08;133;;479.37;1630;;Loja Física;Cartão de Crédito;4.21;46.91;Sudeste;Móveis
57;2023-09-02;144;90.0;387.53;1810;25187.19;Distribuidor;Dinheiro;27.91;43.86;Norte;Eletrônicos
58;2023-10-01;140;8.0;76.74;1062;529.04;Distribuidor;Boleto;20.78;42.69;Sudeste;Roupas
59;2023-12-02;172;61.0;239.29;1779;12955.38;Distribuidor;Transferência Bancária;11.35;15.41;Centro-Oeste;Móveis
60;2023-04-16;177;38.0;484.46;1967;17041.93;Online;Cartão de Crédito;7.67;44.46;Nordeste;Alimentos
61;2023-02-12;183;85.0;182.97;1987;13818.93;Online;Transferência Bancária;11.25;16.13;Sudeste;Cosméticos
62;2023-02-01;132;99.0;88.15;1160;6349.8;Loja Física;Transferência Bancária;27.79;48.14;Centro-Oeste;Eletrônicos
63;2023-09-15;123;17.0;103.74;1637;1688.83;Online;Transferência Bancária;6.5;39.88;Centro-Oeste;Roupas
64;2023-11-18;168;46.0;279.18;1798;12005.41;Loja Física;Dinheiro;6.75;29.98;Sudeste;Móveis
65;2023-02-27;131;40.0;20.63;1854;744.91;Loja Física;Transferência Bancária;12.56;23.36;Nordeste;Roupas
66;2023-10-19;122;34.0;387.43;1285;11698.07;Online;Boleto;11.32;16.59;Norte;Eletrônicos
67;2023-12-25;164;98.0;202.36;1032;17215.27;Loja Física;Dinheiro;13.31;23.53;Centro-Oeste;Alimentos
68;2023-04-30;131;66.0;119.45;1450;6484.8;Distribuidor;Dinheiro;18.1;28.05;Centro-Oeste;Alimentos
69;2023-09-25;179;74.0;152.88;1406;8300.27;Online;Cartão de Crédito;26.81;20.2;Centro-Oeste;Móveis
70;2023-03-24;183;88.0;403.54;1175;25517.44;Distribuidor;Cartão de Crédito;28.16;5.96;Centro-Oeste;Eletrônicos
71;2023-04-02;115;69.0;28.22;1040;1409.44;Loja Física;Transferência Bancária;28.21;11.56;Sudeste;Móveis
72;2023-04-10;151;25.0;387.95;1239;9694.08;Online;Boleto;0.17;11.82;Norte;Cosméticos
73;2023-02-23;112;7.0;383.53;1408;2041.43;Distribuidor;Boleto;25.69;46.42;Sudeste;Roupas
74;2023-05-02;145;98.0;49.96;1374;4065.5;Loja Física;Boleto;17.46;24.28;Nordeste;Móveis
75;2023-03-26;110;61.0;417.21;1654;22420.68;Online;Transferência Bancária;12.04;35.03;Norte;Roupas
76;2023-07-23;180;89.0;94.3;1514;6806.35;Online;Dinheiro;19.25;29.24;Sul;Cosméticos
77;2023-11-21;170;62.0;76.85;1195;3964.85;Distribuidor;Transferência Bancária;17.08;13.96;Nordeste;Móveis
78;2023-09-20;121;60.0;91.54;1545;5167.55;Distribuidor;Cartão de Crédito;6.15;12.93;Sudeste;Eletrônicos
79;2023-02-17;194;75.0;11.35;1810;872.94;Loja Física;Dinheiro;2.54;43.31;Centro-Oeste;Alimentos
80;2023-05-08;167;30.0;271.39;1292;7689.39;Loja Física;Boleto;5.77;17.47;Sudeste;Eletrônicos
81;2023-05-12;180;29.0;190.8;1128;5194.82;Online;Cartão de Crédito;6.82;38.98;Sudeste;Cosméticos
82;2023-12-23;164;25.0;80.19;1920;1681.69;Online;Cartão de Crédito;17.7;31.78;Sudeste;Móveis
83;2023-06-30;101;4.0;435.68;1050;1610.27;Loja Física;Boleto;8.48;15.33;Nordeste;Roupas
84;2023-12-01;150;83.0;258.04;1294;18068.11;Distribuidor;Dinheiro;15.79;32.58;Sul;Cosméticos
85;2023-05-24;196;22.0;180.87;1823;3462.4;Distribuidor;Dinheiro;13.54;22.04;Centro-Oeste;Móveis
86;2023-05-29;182;7.0;271.03;1268;1613.51;Online;Transferência Bancária;16.19;23.46;Centro-Oeste;Alimentos
87;2023-08-16;182;85.0;406.51;1637;32663.72;Online;Transferência Bancária;5.58;38.45;Sudeste;Alimentos
88;2023-10-07;157;22.0;93.76;1271;1553.86;Distribuidor;Boleto;25.66;20.43;Sudeste;Cosméticos
89;2023-07-27;122;28.0;434.18;1026;9516.24;Loja Física;Cartão de Crédito;22.08;43.47;Sudeste;Roupas
90;2023-12-08;115;27.0;296.87;1919;7874.08;Online;Boleto;2.32;44.55;Sudeste;Roupas
91;2023-02-18;115;90.0;311.61;1696;20581.35;Online;Cartão de Crédito;26.71;27.24;Nordeste;Eletrônicos
92;2023-11-02;128;65.0;298.39;1989;17415.64;Online;Boleto;10.37;31.59;Nordeste;Alimentos
93;2023-03-11;171;4.0;118.45;1784;384.42;Online;Boleto;29.11;48.54;Norte;Cosméticos
94;2023-06-19;127;54.0;100.52;1338;4202.43;Online;Boleto;22.97;21.18;Norte;Móveis
95;2023-06-13;188;38.0;243.9;1941;7769.57;Online;Boleto;16.42;23.21;Nordeste;Roupas
96;2023-04-06;157;8.0;184.61;1673;1128.25;Distribuidor;Transferência Bancária;24.77;17.19;Sudeste;Alimentos
97;2023-07-17;158;81.0;128.01;1246;7581.81;Distribuidor;Boleto;27.01;13.62;Centro-Oeste;Alimentos
98;2023-04-05;188;76.0;294.82;1387;20964.44;Loja Física;Cartão de Crédito;6.5;14.53;Nordeste;Cosméticos
99;2023-09-14;176;722.0;;1570;;Distribuidor;Cartão de Crédito;15.59;27.32;Nordeste;Eletrônicos
100;2023-06-28;113;3.0;282.88;1870;739.94;Distribuidor;Cartão de Crédito;14.76;16.56;Norte;Roupas
101;2023-10-20;118;55.0;454.2;1071;19034.27;Loja Física;Boleto;23.9;23.73;Sul;Roupas
102;2023-11-01;178;6.0;361.23;1057;1591.61;Online;Transferência Bancária;28.72;46.7;Centro-Oeste;Alimentos
103;2023-12-16;178;18.0;451.21;1660;6938.65;Distribuidor;Dinheiro;15.07;40.82;Centro-Oeste;Eletrônicos
104;2023-04-09;120;79.0;108.84;1368;7198.09;Distribuidor;Dinheiro;16.81;45.11;Sul;Eletrônicos
105;2023-02-12;171;6.0;297.79;1472;1591.64;Loja Física;Cartão de Crédito;12.7;31.82;Norte;Eletrônicos
106;2023-07-21;155;79.0;183.79;1834;12373.0;Loja Física;Transferência Bancária;14.95;24.24;Centro-Oeste;Eletrônicos
107;2023-01-01;144;82.0;374.42;1510;25832.92;Distribuidor;Dinheiro;16.0;42.87;Norte;Móveis
108;2023-02-13;191;31.0;230.44;1060;5537.82;Online;Cartão de Crédito;22.74;18.64;Norte;Eletrônicos
109;2023-01-24;144;99.0;;1522;;Online;Transferência Bancária;29.53;35.53;Sudeste;Cosméticos
110;2023-07-07;115;4.0;80.06;1563;254.02;Loja Física;Cartão de Crédito;24.77;13.1;Sul;Eletrônicos
111;2023-05-11;187;1.0;183.73;1866;162.89;Loja Física;Transferência Bancária;28.53;31.58;Sul;Móveis
112;2023-04-09;175;94.0;337.22;1728;30326.76;Online;Boleto;4.4;22.82;Sudeste;Roupas
113;2023-03-04;177;45.0;259.3;1256;11106.94;Distribuidor;Transferência Bancária;5.0;21.87;Norte;Alimentos
114;2023-08-11;129;45.0;264.37;1070;10505.54;Distribuidor;Cartão de Crédito;11.91;25.78;Norte;Eletrônicos
115;2023-05-04;195;62.0;327.6;1781;17776.71;Loja Física;Cartão de Crédito;12.71;47.06;Centro-Oeste;Eletrônicos
116;2023-03-24;182;1.0;145.16;1742;111.91;Distribuidor;Boleto;28.8;8.56;Sul;Roupas
117;2023-08-16;104;18.0;118.17;1025;1658.7;Online;Cartão de Crédito;22.91;18.95;Centro-Oeste;Alimentos
118;2023-05-29;128;30.0;484.2;1091;10392.17;Distribuidor;Dinheiro;28.55;13.34;Centro-Oeste;Móveis
119;2023-07-29;165;92.0;77.54;1303;6433.75;Loja Física;Dinheiro;10.27;32.7;Sul;Móveis
120;2023-02-20;149;35.0;49.69;1325;1451.99;Loja Física;Dinheiro;17.71;20.84;Centro-Oeste;Eletrônicos
121;2023-09-28;149;60.0;;1493;;Loja Física;Transferência Bancária;26.48;21.38;Sul;Roupas
122;2023-02-11;187;22.0;327.09;1617;6505.08;Distribuidor;Boleto;9.96;25.82;Norte;Móveis
123;2023-02-28;157;64.0;191.78;1023;11649.94;Online;Dinheiro;5.21;15.49;Norte;Alimentos
124;2023-07-13;180;;47.63;1947;;Distribuidor;Dinheiro;7.88;47.43;Nordeste;Eletrônicos
125;2023-02-06;141;18.0;146.97;1438;2481.42;Distribuidor;Cartão de Crédito;7.96;46.54;Centro-Oeste;Móveis
126;2023-09-24;190;39.0;4536.7;1280;129185.37;Loja Física;Cartão de Crédito;26.99;7.83;Centro-Oeste;Cosméticos
127;2023-03-28;166;80.0;494.67;1461;30321.39;Distribuidor;Dinheiro;23.45;27.8;Sul;Eletrônicos
128;2023-02-13;147;;350.75;1789;;Distribuidor;Transferência Bancária;16.47;12.91;Centro-Oeste;Eletrônicos
129;2023-12-27;117;16.0;221.63;1525;3014.68;Loja Física;Transferência Bancária;16.39;49.8;Nordeste;Eletrônicos
130;2023-01-12;120;87.0;460.67;1066;38172.37;Loja Física;Transferência Bancária;4.85;37.88;Sudeste;Roupas
131;2023-09-16;138;18.0;287.07;1504;4701.72;Online;Transferência Bancária;9.93;47.57;Sudeste;Eletrônicos
132;2023-11-04;164;54.0;358.52;1681;18195.54;Distribuidor;Dinheiro;6.24;43.53;Norte;Móveis
133;2023-03-22;106;23.0;258.32;1641;5230.86;Online;Cartão de Crédito;12.53;33.95;Nordeste;Cosméticos
134;2023-02-02;122;78.0;414.97;1058;26887.18;Loja Física;Dinheiro;17.08;47.92;Norte;Cosméticos
135;2023-07-02;179;48.0;491.4;1564;22422.86;Distribuidor;Transferência Bancária;5.04;24.45;Sul;Roupas
136;2023-05-09;174;67.0;211.94;1896;10735.37;Online;Boleto;24.56;22.91;Sudeste;Móveis
137;2023-10-22;134;12.0;82.18;1441;857.38;Distribuidor;Boleto;14.26;11.85;Sul;Roupas
138;2023-10-03;140;10.0;206.9;1894;1978.53;Distribuidor;Dinheiro;6.34;40.7;Nordeste;Roupas
139;2023-06-24;138;41.0;400.88;1526;13412.5;Loja Física;Dinheiro;18.68;46.68;Norte;Eletrônicos
140;2023-02-12;121;55.0;10.09;1356;587.77;Distribuidor;Cartão de Crédito;0.99;38.31;Norte;Alimentos
141;2023-07-04;134;52.0;477.75;1135;21450.64;Online;Transferência Bancária;13.73;18.58;Centro-Oeste;Roupas
142;2023-03-19;132;48.0;334.63;1816;15782.76;Loja Física;Dinheiro;1.92;28.92;Nordeste;Roupas
143;2023-10-14;142;5.0;;1073;;Distribuidor;Cartão de Crédito;21.06;19.49;Nordeste;Cosméticos
144;2023-10-08;144;11.0;250.01;1108;2321.05;Online;Cartão de Crédito;16.09;13.43;Norte;Alimentos
145;2023-05-06;199;7.0;139.4;1561;830.5;Distribuidor;Dinheiro;18.44;34.64;Sul;Alimentos
146;2023-09-16;141;45.0;223.61;1516;9848.49;Distribuidor;Boleto;2.5;37.6;Centro-Oeste;Cosméticos
147;2023-01-04;127;73.0;322.73;1016;21998.69;Online;Transferência Bancária;6.77;34.36;Norte;Cosméticos
148;2023-04-05;148;9.0;340.3;1144;2685.02;Online;Dinheiro;12.54;6.38;Sudeste;Roupas
149;2023-08-15;110;73.0;168.16;1249;9249.3;Loja Física;Cartão de Crédito;25.03;46.22;Centro-Oeste;Alimentos
150;2023-12-30;168;19.0;21.25;1831;361.54;Loja Física;Dinheiro;15.73;21.3;Centro-Oeste;Roupas
151;2023-09-27;117;3.0;194.83;1912;542.38;Distribuidor;Boleto;12.79;32.65;Norte;Eletrônicos
152;2023-10-24;103;707.0;193.94;1451;123336.02;Loja Física;Boleto;10.08;41.69;Sudeste;Móveis
153;2023-11-25;194;94.0;211.89;1872;18563.38;Distribuidor;Cartão de Crédito;6.95;30.0;Centro-Oeste;Eletrônicos
154;2023-01-20;187;30.0;483.21;1182;14335.12;Loja Física;Transferência Bancária;1.41;43.22;Sul;Cosméticos
155;2023-04-06;129;28.0;485.35;1258;12638.72;Distribuidor;Dinheiro;7.17;23.31;Norte;Roupas
156;2023-11-25;130;18.0;82.87;1544;1384.37;Loja Física;Dinheiro;8.6;20.99;Sul;Cosméticos
157;2023-09-06;175;59.0;457.58;1697;20647.48;Loja Física;Transferência Bancária;23.64;32.4;Sul;Eletrônicos
158;2023-06-30;166;12.0;489.45;1326;4483.57;Distribuidor;Cartão de Crédito;24.01;20.37;Norte;Eletrônicos
159;2023-11-20;193;50.0;135.76;1981;6034.38;Online;Boleto;11.31;14.1;Sul;Alimentos
160;2023-11-14;160;73.0;373.1;1668;27050.53;Loja Física;Transferência Bancária;0.75;18.5;Nordeste;Alimentos
161;2023-09-28;107;89.0;95.97;1790;7355.83;Distribuidor;Cartão de Crédito;14.13;21.39;Sudeste;Eletrônicos
162;2023-12-19;151;4.0;241.26;1667;729.34;Distribuidor;Transferência Bancária;26.96;24.47;Sudeste;Eletrônicos
163;2023-09-18;173;12.0;1563.06;1889;14670.57;Distribuidor;Cartão de Crédito;21.89;19.7;Sul;Móveis
164;2023-08-26;187;58.0;98.0;1177;5566.04;Online;Transferência Bancária;2.3;12.77;Sudeste;Cosméticos
165;2023-05-20;164;51.0;278.12;1894;11327.92;Online;Dinheiro;20.37;33.11;Centro-Oeste;Móveis
166;2023-03-28;117;16.0;372.03;1772;4929.64;Loja Física;Boleto;17.72;31.94;Centro-Oeste;Alimentos
167;2023-04-20;140;58.0;337.03;1772;14578.12;Distribuidor;Cartão de Crédito;25.49;13.1;Sudeste;Alimentos
168;2023-11-28;121;4.0;319.07;1991;1116.67;Online;Cartão de Crédito;14.16;21.11;Nordeste;Móveis
169;2023-07-04;194;61.0;69.01;1962;3938.65;Online;Cartão de Crédito;7.31;36.76;Nordeste;Alimentos
170;2023-01-17;126;40.0;478.63;1217;14263.06;Online;Dinheiro;25.72;42.01;Norte;Móveis
171;2023-06-02;115;86.0;79.05;1734;5260.72;Online;Cartão de Crédito;22.95;22.63;Norte;Roupas
172;2023-05-30;117;;310.0;1331;;Distribuidor;Dinheiro;19.75;27.88;Centro-Oeste;Eletrônicos
173;2023-04-21;110;54.0;73.47;1714;3957.3;Loja Física;Dinheiro;0.83;22.85;Sudeste;Cosméticos
174;2023-01-26;117;68.0;274.45;1194;16421.62;Online;Dinheiro;12.26;47.05;Sul;Cosméticos
175;2023-04-28;103;57.0;435.04;1331;23805.67;Loja Física;Transferência Bancária;4.18;44.92;Norte;Cosméticos
176;2023-03-25;173;76.0;318.84;1588;20923.77;Online;Cartão de Crédito;13.85;48.04;Sudeste;Alimentos
177;2023-06-11;129;80.0;455.21;1468;26566.2;Online;Boleto;27.1;18.35;Nordeste;Alimentos
178;2023-12-27;167;46.0;332.69;1649;14495.26;Loja Física;Dinheiro;5.38;14.86;Sudeste;Roupas
179;2023-08-17;171;91.0;;1762;;Loja Física;Transferência Bancária;12.39;48.89;Nordeste;Roupas
180;2023-09-09;180;80.0;238.76;1035;17234.67;Distribuidor;Transferência Bancária;9.95;34.4;Norte;Alimentos
181;2023-05-02;198;98.0;113.7;1435;11056.88;Distribuidor;Dinheiro;0.92;16.79;Centro-Oeste;Eletrônicos
182;2023-11-23;104;12.0;477.39;1646;5454.88;Distribuidor;Cartão de Crédito;4.88;5.76;Nordeste;Alimentos
183;2023-10-15;161;6.0;162.35;1510;871.39;Distribuidor;Dinheiro;13.13;25.19;Sudeste;Móveis
184;2023-01-14;190;31.0;205.97;1543;4906.36;Loja Física;Boleto;23.92;48.6;Norte;Alimentos
185;2023-11-24;106;59.0;24.6;1283;1354.55;Loja Física;Boleto;7.71;15.05;Sul;Eletrônicos
186;2023-07-04;132;69.0;200.12;1010;11274.76;Online;Transferência Bancária;18.52;23.77;Norte;Alimentos
187;2023-06-02;181;60.0;67.19;1688;3576.95;Loja Física;Dinheiro;11.83;22.46;Norte;Alimentos
188;2023-03-21;137;33.0;103.8;1968;2865.03;Online;Cartão de Crédito;17.23;29.83;Centro-Oeste;Alimentos
189;2023-02-11;127;38.0;396.87;1217;13098.62;Distribuidor;Dinheiro;13.36;32.39;Centro-Oeste;Roupas
190;2023-10-02;151;44.0;241.37;1613;8280.37;Online;Transferência Bancária;22.4;39.03;Nordeste;Alimentos
191;2023-02-10;178;61.0;420.49;1335;22963.92;Distribuidor;Dinheiro;10.65;45.74;Nordeste;Móveis
192;2023-07-27;159;;168.2;1538;;Online;Cartão de Crédito;28.71;25.68;Nordeste;Móveis
193;2023-09-25;186;30.0;197.77;1837;5079.43;Distribuidor;Dinheiro;15.21;48.75;Sul;Cosméticos
194;2023-06-16;195;28.0;;1210;;Loja Física;Boleto;5.31;33.32;Centro-Oeste;Roupas
195;2023-04-22;108;28.0;43.14;1960;972.34;Distribuidor;Dinheiro;19.95;5.4;Sudeste;Eletrônicos
196;2023-12-16;156;;412.01;1932;;Distribuidor;Cartão de Crédito;11.67;33.19;Centro-Oeste;Móveis
197;2023-05-10;129;73.0;110.64;1032;7970.0;Online;Cartão de Crédito;1.56;19.28;Sudeste;Roupas
198;2023-08-12;128;76.0;330.92;1037;22773.64;Loja Física;Cartão de Crédito;9.58;33.08;Sul;Eletrônicos
199;2023-10-28;195;98.0;271.11;1594;19833.19;Online;Dinheiro;25.45;26.16;Sul;Móveis
200;2023-08-05;134;79.0;396.75;1077;26843.71;Loja Física;Dinheiro;14.5;45.23;Sudeste;Eletrônicos
201;2023-01-25;158;39.0;385.58;1723;13227.25;Loja Física;Transferência Bancária;12.2;24.22;Sudeste;Roupas
202;2023-03-09;181;12.0;291.95;1834;2562.98;Distribuidor;Transferência Bancária;27.37;18.46;Nordeste;Cosméticos
203;2023-09-17;192;75.0;294.54;1239;17933.07;Distribuidor;Transferência Bancária;18.85;6.63;Sul;Cosméticos
204;2023-08-23;116;90.0;369.84;1761;29800.13;Distribuidor;Dinheiro;10.49;6.19;Centro-Oeste;Roupas
205;2023-07-24;172;33.0;309.18;1168;8549.84;Online;Transferência Bancária;16.64;44.67;Sudeste;Roupas
206;2023-10-19;159;51.0;283.91;1233;12669.31;Online;Transferência Bancária;12.71;30.23;Nordeste;Cosméticos
207;2023-08-03;107;41.0;;1128;;Loja Física;Boleto;9.66;24.79;Nordeste;Alimentos
208;2023-07-09;112;71.0;479.18;1166;27879.08;Online;Dinheiro;18.17;39.06;Sul;Alimentos
209;2023-07-17;132;31.0;118.41;1320;2628.14;Distribuidor;Boleto;29.41;36.99;Nordeste;Alimentos
210;2023-08-04;184;23.0;224.18;1905;4605.29;Online;Cartão de Crédito;11.54;44.17;Nordeste;Eletrônicos
211;2023-02-13;175;76.0;215.21;1830;16146.89;Online;Boleto;1.55;44.45;Norte;Alimentos
212;2023-02-02;193;36.0;297.41;1945;9575.59;Loja Física;Dinheiro;10.78;23.02;Sudeste;Cosméticos
213;2023-01-12;140;85.0;345.05;1515;27399.06;Distribuidor;Dinheiro;6.69;31.94;Norte;Alimentos
214;2023-04-15;100;69.0;119.16;1133;7429.18;Online;Transferência Bancária;10.21;46.61;Centro-Oeste;Móveis
215;2023-08-01;184;;285.31;1849;;Online;Cartão de Crédito;15.22;6.88;Norte;Cosméticos
216;2023-05-19;192;;460.99;1764;;Loja Física;Boleto;2.19;8.56;Centro-Oeste;Cosméticos
217;2023-07-02;177;50.0;124.83;1274;6104.47;Loja Física;Dinheiro;2.76;35.24;Centro-Oeste;Alimentos
218;2023-05-06;137;30.0;64.29;1813;1639.45;Loja Física;Dinheiro;16.87;36.12;Sul;Cosméticos
219;2023-06-06;147;64.0;146.82;1715;6964.94;Distribuidor;Cartão de Crédito;26.07;18.12;Norte;Móveis
220;2023-04-22;161;62.0;280.84;1576;15010.0;Loja Física;Transferência Bancária;13.96;28.65;Sul;Eletrônicos
221;2023-09-16;150;92.0;231.72;1629;20133.72;Online;Transferência Bancária;5.58;5.04;Nordeste;Roupas
222;2023-01-28;168;84.0;225.79;1294;13705.7;Online;Boleto;27.83;17.68;Sul;Roupas
223;2023-08-06;176;91.0;330.56;1108;24292.35;Distribuidor;Transferência Bancária;19.35;32.06;Norte;Móveis
224;2023-06-01;157;27.0;459.08;1169;10064.51;Loja Física;Cartão de Crédito;18.98;21.95;Sul;Móveis
225;2023-11-06;104;74.0;101.07;1529;5717.2;Distribuidor;Cartão de Crédito;23.92;27.04;Sudeste;Roupas
226;2023-11-04;136;51.0;;1684;;Distribuidor;Dinheiro;15.48;47.01;Sudeste;Roupas
227;2023-06-24;180;96.0;198.73;1658;13947.87;Distribuidor;Cartão de Crédito;26.93;7.52;Sudeste;Cosméticos
228;2023-05-29;182;95.0;85.15;1447;7383.4;Distribuidor;Boleto;9.07;27.84;Nordeste;Roupas
229;2023-01-30;137;;446.35;1390;;Loja Física;Dinheiro;28.08;31.19;Norte;Eletrônicos
230;2023-03-09;194;72.0;466.9;1975;31510.17;Distribuidor;Cartão de Crédito;6.37;34.76;Norte;Cosméticos
231;2023-02-05;135;57.0;499.61;1822;27140.85;Distribuidor;Dinheiro;4.83;38.56;Sudeste;Alimentos
232;2023-10-23;148;36.0;126.23;1700;4169.66;Distribuidor;Cartão de Crédito;8.5;11.64;Sudeste;Roupas
233;2023-03-15;100;;45.16;1423;;Online;Transferência Bancária;8.74;46.54;Sul;Móveis
234;2023-10-25;149;93.0;82.7;1384;6624.13;Loja Física;Boleto;14.18;23.63;Nordeste;Eletrônicos
235;2023-10-30;157;48.0;412.22;1293;19158.62;Distribuidor;Boleto;3.31;27.0;Nordeste;Cosméticos
236;2023-08-07;109;49.0;465.54;1548;16732.78;Online;Boleto;26.8;34.79;Sul;Eletrônicos
237;2023-12-31;150;72.0;184.39;1135;9492.06;Loja Física;Boleto;28.72;28.87;Sudeste;Alimentos
238;2023-09-17;197;68.0;481.62;1557;31510.01;Distribuidor;Transferência Bancária;3.86;24.01;Norte;Cosméticos
239;2023-10-15;148;72.0;400.51;1511;23364.18;Loja Física;Dinheiro;19.1;35.27;Sul;Roupas
240;2023-09-23;112;63.0;183.21;1907;9382.07;Loja Física;Boleto;19.02;35.17;Nordeste;Alimentos
241;2023-01-28;170;73.0;426.97;1644;28481.49;Loja Física;Boleto;8.67;15.02;Sudeste;Móveis
242;2023-07-19;136;38.0;324.09;1710;9018.11;Distribuidor;Cartão de Crédito;26.97;24.16;Centro-Oeste;Eletrônicos
243;2023-03-03;199;6.0;228.78;1550;1108.96;Distribuidor;Dinheiro;19.64;5.87;Sul;Eletrônicos
244;2023-12-08;136;98.0;231.44;1892;20978.41;Loja Física;Boleto;7.62;25.59;Sudeste;Eletrônicos
245;2023-12-20;130;56.0;481.44;1808;22220.22;Online;Boleto;17.75;45.09;Norte;Cosméticos
246;2023-02-14;119;93.0;153.58;1830;13048.48;Loja Física;Dinheiro;8.88;33.87;Centro-Oeste;Eletrônicos
247;2023-10-18;138;47.0;338.15;1838;15184.91;Distribuidor;Dinheiro;4.74;45.19;Centro-Oeste;Eletrônicos
248;2023-03-30;144;39.0;404.06;1976;14120.08;Distribuidor;Transferência Bancária;10.43;5.33;Norte;Roupas
249;2023-02-03;135;50.0;198.84;1674;8376.2;Distribuidor;Boleto;16.15;39.83;Norte;Roupas
250;2023-05-14;114;9.0;237.5;1848;1761.92;Distribuidor;Dinheiro;19.46;40.38;Norte;Roupas
251;2023-08-21;129;66.0;324.71;1736;16091.55;Loja Física;Dinheiro;25.02;22.69;Sul;Roupas
252;2023-09-13;151;67.0;298.01;1412;15962.8;Online;Boleto;20.16;21.41;Sul;Roupas
253;2023-02-06;160;63.0;369.28;1996;21224.14;Loja Física;Dinheiro;8.97;46.34;Sudeste;Alimentos
254;2023-09-14;181;17.0;429.27;1928;6599.29;Distribuidor;Transferência Bancária;9.97;29.27;Centro-Oeste;Alimentos
255;2023-10-18;167;62.0;2251.96;1817;116386.06;Loja Física;Transferência Bancária;16.66;25.49;Centro-Oeste;Eletrônicos
256;2023-07-17;129;67.0;480.12;1264;24049.56;Online;Boleto;25.3;20.03;Centro-Oeste;Roupas
257;2023-09-12;127;12.0;147.76;1789;1528.79;Online;Dinheiro;15.7;34.05;Nordeste;Eletrônicos
258;2023-03-22;103;32.0;42.71;1050;1095.02;Loja Física;Transferência Bancária;22.83;40.32;Nordeste;Alimentos
259;2023-05-17;133;11.0;198.33;1408;1854.16;Online;Boleto;17.11;45.81;Norte;Eletrônicos
260;2023-07-09;151;21.0;482.41;1400;8179.19;Loja Física;Dinheiro;19.34;7.84;Centro-Oeste;Móveis
261;2023-05-10;127;15.0;;1085;;Loja Física;Dinheiro;25.69;39.68;Sudeste;Cosméticos
262;2023-07-29;156;53.0;106.48;1266;4939.53;Online;Cartão de Crédito;13.17;39.33;Sudeste;Alimentos
263;2023-10-19;121;72.0;490.06;1160;27930.51;Distribuidor;Transferência Bancária;20.93;31.2;Sudeste;Alimentos
264;2023-12-14;139;30.0;354.18;1392;7982.46;Loja Física;Dinheiro;25.02;15.54;Nordeste;Móveis
265;2023-06-18;174;6.0;401.63;1187;1976.95;Online;Dinheiro;19.45;35.87;Nordeste;Cosméticos
266;2023-10-20;129;15.0;36.4;1485;557.55;Loja Física;Transferência Bancária;1.87;21.76;Sul;Roupas
267;2023-06-26;129;80.0;364.1;1454;24899.53;Online;Transferência Bancária;14.58;18.39;Centro-Oeste;Cosméticos
268;2023-01-26;161;52.0;246.98;1474;10569.42;Online;Boleto;17.87;21.5;Centro-Oeste;Móveis
269;2023-11-20;158;33.0;399.51;1106;12060.58;Loja Física;Cartão de Crédito;8.69;22.42;Centro-Oeste;Cosméticos
270;2023-12-26;124;24.0;;1731;;Loja Física;Cartão de Crédito;18.24;37.07;Sul;Móveis
271;2023-10-19;116;92.0;96.45;1762;6510.35;Loja Física;Boleto;27.12;43.42;Sudeste;Móveis
272;2023-04-25;164;7.0;460.17;1045;2657.2;Distribuidor;Dinheiro;18.13;20.01;Sudeste;Roupas
273;2023-10-14;198;74.0;;1985;;Distribuidor;Dinheiro;0.57;11.12;Sul;Roupas
274;2023-01-30;113;66.0;199.01;1660;11130.22;Loja Física;Transferência Bancária;15.5;31.43;Sul;Cosméticos
275;2023-08-30;101;76.0;121.58;1468;8473.31;Online;Cartão de Crédito;8.59;26.95;Centro-Oeste;Roupas
276;2023-10-17;102;88.0;393.93;1717;29111.79;Loja Física;Dinheiro;16.11;30.62;Sul;Alimentos
277;2023-05-27;166;71.0;485.64;1162;26969.79;Online;Cartão de Crédito;21.82;12.98;Centro-Oeste;Cosméticos
278;2023-10-01;119;41.0;370.4;1260;14661.22;Online;Dinheiro;3.62;24.57;Norte;Eletrônicos
279;2023-08-10;176;61.0;308.83;1560;18683.66;Loja Física;Boleto;1.04;40.95;Centro-Oeste;Cosméticos
280;2023-12-07;130;37.0;475.66;1974;12357.12;Loja Física;Transferência Bancária;29.9;19.93;Norte;Alimentos
281;2023-01-03;139;13.0;358.67;1536;4442.59;Loja Física;Transferência Bancária;5.27;25.6;Nordeste;Eletrônicos
282;2023-03-11;185;36.0;233.67;1705;6237.01;Loja Física;Cartão de Crédito;26.01;12.88;Nordeste;Cosméticos
283;2023-12-24;177;63.0;167.61;1615;9742.59;Distribuidor;Dinheiro;8.15;43.75;Centro-Oeste;Móveis
284;2023-02-14;149;70.0;102.47;1811;5965.91;Loja Física;Transferência Bancária;17.24;29.62;Nordeste;Móveis
285;2023-09-11;126;63.0;438.1;1205;24815.66;Loja Física;Dinheiro;10.16;19.55;Centro-Oeste;Eletrônicos
286;2023-11-19;112;59.0;364.22;1228;20280.14;Online;Dinheiro;5.69;13.88;Sul;Eletrônicos
287;2023-04-22;164;77.0;;1481;;Distribuidor;Boleto;14.09;27.56;Sul;Roupas
288;2023-04-02;101;19.0;46.85;1204;685.57;Online;Dinheiro;23.68;6.21;Nordeste;Cosméticos
289;2023-12-08;136;1.0;164.21;1528;155.26;Online;Boleto;23.11;29.0;Nordeste;Alimentos
290;2023-02-09;110;2.0;209.17;1057;362.67;Online;Dinheiro;21.67;34.98;Centro-Oeste;Eletrônicos
291;2023-05-31;132;85.0;;1517;;Loja Física;Cartão de Crédito;26.62;9.32;Norte;Eletrônicos
292;2023-05-26;128;78.0;299.49;1993;21666.47;Distribuidor;Boleto;7.33;18.55;Norte;Roupas
293;2023-07-18;158;91.0;343.24;1379;27691.39;Online;Cartão de Crédito;11.47;39.19;Sudeste;Cosméticos
294;2023-10-02;166;22.0;142.72;1735;2981.39;Online;Dinheiro;5.83;24.6;Nordeste;Roupas
295;2023-12-15;192;;136.17;1008;;Distribuidor;Transferência Bancária;9.77;32.59;Nordeste;Eletrônicos
296;2023-02-13;165;14.0;177.96;1033;2367.76;Online;Cartão de Crédito;6.79;45.49;Centro-Oeste;Móveis
297;2023-03-25;177;68.0;51.16;1310;3452.48;Loja Física;Boleto;1.19;15.0;Nordeste;Eletrônicos
298;2023-10-25;183;18.0;470.36;1320;6134.82;Online;Dinheiro;27.85;26.25;Centro-Oeste;Roupas
299;2023-04-04;147;6.0;208.53;1416;977.2;Loja Física;Cartão de Crédito;23.21;16.42;Nordeste;Alimentos
300;2023-06-24;181;27.0;108.25;1479;2660.88;Distribuidor;Transferência Bancária;9.24;8.19;Centro-Oeste;Cosméticos
301;2023-07-21;136;64.0;178.47;1770;9257.2;Loja Física;Boleto;19.39;49.86;Norte;Roupas
302;2023-12-12;171;28.0;105.94;1490;2992.54;Distribuidor;Transferência Bancária;0.08;28.59;Sul;Alimentos
303;2023-11-26;153;42.0;135.36;1155;4430.41;Distribuidor;Dinheiro;22.87;45.48;Sul;Móveis
304;2023-01-29;170;14.0;381.22;1720;4516.05;Loja Física;Cartão de Crédito;15.91;28.1;Nordeste;Alimentos
305;2023-07-29;109;46.0;126.63;1087;5639.74;Online;Cartão de Crédito;3.88;40.77;Norte;Alimentos
306;2023-04-16;115;49.0;352.43;1834;15281.46;Online;Boleto;11.6;15.6;Sul;Cosméticos
307;2023-03-05;118;57.0;300.75;1967;16607.88;Online;Transferência Bancária;3.27;25.7;Sul;Cosméticos
308;2023-01-17;129;59.0;81.09;1741;4029.29;Online;Dinheiro;16.28;23.87;Centro-Oeste;Alimentos
309;2023-04-17;153;18.0;384.22;1045;6339.53;Online;Transferência Bancária;8.43;6.59;Sul;Roupas
310;2023-06-14;160;87.0;427.91;1660;29627.3;Loja Física;Cartão de Crédito;20.53;42.07;Nordeste;Eletrônicos
311;2023-04-05;142;96.0;478.43;1704;33158.59;Distribuidor;Boleto;27.82;6.84;Norte;Eletrônicos
312;2023-01-25;182;;479.91;1647;;Online;Transferência Bancária;1.26;14.95;Centro-Oeste;Roupas
313;2023-04-27;102;93.0;356.12;1473;29834.58;Distribuidor;Cartão de Crédito;10.02;33.96;Sudeste;Móveis
314;2023-07-11;129;78.0;152.76;1792;10248.8;Online;Cartão de Crédito;14.06;8.81;Nordeste;Roupas
315;2023-07-15;117;8.0;28.58;1193;202.1;Online;Cartão de Crédito;21.74;23.17;Centro-Oeste;Eletrônicos
316;2023-11-04;135;27.0;201.21;1611;5183.65;Online;Transferência Bancária;5.45;47.06;Centro-Oeste;Cosméticos
317;2023-05-17;119;18.0;369.23;1318;6257.65;Loja Física;Transferência Bancária;6.31;30.88;Sudeste;Cosméticos
318;2023-12-14;116;69.0;470.91;1094;31065.5;Distribuidor;Cartão de Crédito;4.48;28.39;Norte;Cosméticos
319;2023-04-04;123;44.0;65.63;1418;2735.57;Loja Física;Cartão de Crédito;5.64;10.72;Sudeste;Cosméticos
320;2023-08-27;112;48.0;275.7;1220;12162.64;Distribuidor;Dinheiro;8.24;19.49;Sudeste;Cosméticos
321;2023-03-29;199;95.0;242.64;1226;16222.76;Online;Transferência Bancária;29.78;36.49;Nordeste;Alimentos
322;2023-06-10;156;93.0;32.41;1917;2989.74;Online;Boleto;1.24;12.99;Nordeste;Móveis
323;2023-05-28;166;73.0;328.83;1343;22102.14;Online;Boleto;8.04;27.52;Sul;Cosméticos
324;2023-03-14;120;59.0;437.56;1913;22579.91;Loja Física;Transferência Bancária;12.64;27.02;Centro-Oeste;Móveis
325;2023-03-29;103;28.0;236.31;1325;4776.3;Distribuidor;Transferência Bancária;28.02;13.61;Nordeste;Móveis
326;2023-01-14;181;7.0;266.4;1895;1738.19;Distribuidor;Cartão de Crédito;8.17;25.74;Centro-Oeste;Alimentos
327;2023-11-11;144;8.0;97.12;1771;701.03;Distribuidor;Boleto;10.42;5.03;Sudeste;Móveis
328;2023-03-23;138;54.0;69.35;1345;3180.77;Loja Física;Dinheiro;15.29;8.47;Nordeste;Roupas
329;2023-05-01;142;27.0;310.79;1149;8249.93;Distribuidor;Dinheiro;2.0;26.43;Nordeste;Eletrônicos
330;2023-11-17;174;76.0;361.04;1699;26742.35;Distribuidor;Cartão de Crédito;2.7;44.16;Sudeste;Cosméticos
331;2023-07-23;137;38.0;150.88;1646;5419.99;Loja Física;Transferência Bancária;5.57;5.9;Centro-Oeste;Cosméticos
332;2023-08-09;140;94.0;254.73;1701;22103.14;Loja Física;Cartão de Crédito;7.86;40.57;Centro-Oeste;Cosméticos
333;2023-10-09;127;;479.45;1723;;Distribuidor;Boleto;15.56;18.05;Norte;Alimentos
334;2023-10-16;104;21.0;26.33;1022;510.81;Distribuidor;Cartão de Crédito;16.06;46.68;Norte;Eletrônicos
335;2023-09-28;151;94.0;125.55;1535;9147.1;Loja Física;Cartão de Crédito;22.89;46.81;Norte;Cosméticos
336;2023-10-12;122;57.0;60.5;1085;2997.81;Loja Física;Cartão de Crédito;13.51;15.2;Centro-Oeste;Eletrônicos
337;2023-10-04;137;62.0;412.78;1076;20190.67;Loja Física;Transferência Bancária;21.14;8.53;Sudeste;Roupas
338;2023-11-21;135;56.0;496.2;1662;21913.07;Loja Física;Boleto;21.23;25.09;Sul;Roupas
339;2023-01-23;130;93.0;88.27;1060;5854.62;Loja Física;Dinheiro;28.86;14.66;Sul;Cosméticos
340;2023-08-16;107;24.0;378.43;1906;8190.26;Loja Física;Boleto;9.9;7.09;Sul;Cosméticos
341;2023-03-25;188;58.0;150.82;1718;7836.28;Online;Cartão de Crédito;10.79;32.58;Nordeste;Roupas
342;2023-05-16;188;10.0;171.08;1185;1373.77;Distribuidor;Boleto;20.87;20.01;Sul;Roupas
343;2023-03-03;115;1.0;465.63;1041;441.08;Distribuidor;Transferência Bancária;11.2;27.6;Sul;Eletrônicos
344;2023-05-22;110;20.0;359.14;1581;5418.87;Distribuidor;Dinheiro;24.86;21.71;Sudeste;Roupas
345;2023-01-06;119;72.0;407.92;1679;28624.14;Loja Física;Dinheiro;2.69;43.96;Norte;Cosméticos
346;2023-09-14;177;51.0;232.83;1757;9439.65;Online;Dinheiro;20.83;38.74;Sudeste;Roupas
347;2023-05-17;156;39.0;170.36;1883;6373.33;Distribuidor;Cartão de Crédito;4.66;38.9;Nordeste;Eletrônicos
348;2023-07-27;118;68.0;77.77;1458;4430.8;Online;Transferência Bancária;16.52;16.08;Norte;Móveis
349;2023-05-20;171;31.0;316.44;1445;8329.15;Online;Cartão de Crédito;15.19;9.59;Centro-Oeste;Móveis
350;2023-01-05;160;38.0;343.12;1346;10396.95;Loja Física;Cartão de Crédito;20.34;10.43;Centro-Oeste;Eletrônicos
351;2023-12-15;124;57.0;465.89;1410;22113.01;Distribuidor;Transferência Bancária;16.84;29.26;Nordeste;Eletrônicos
352;2023-10-10;132;6.0;71.33;1723;399.85;Online;Cartão de Crédito;16.27;41.5;Sudeste;Cosméticos
353;2023-03-16;139;60.0;371.16;1174;18896.23;Loja Física;Dinheiro;15.35;45.01;Sudeste;Roupas
354;2023-11-05;116;81.0;277.8;1628;17265.05;Distribuidor;Dinheiro;23.36;19.67;Centro-Oeste;Roupas
355;2023-08-08;152;91.0;;1144;;Loja Física;Transferência Bancária;8.06;25.46;Sudeste;Roupas
356;2023-11-04;190;62.0;378.93;1641;22365.86;Online;Dinheiro;4.83;6.94;Centro-Oeste;Roupas
357;2023-08-16;180;766.0;307.57;1211;234712.67;Distribuidor;Cartão de Crédito;0.38;9.32;Sudeste;Cosméticos
358;2023-12-28;146;71.0;60.35;1334;4145.79;Distribuidor;Dinheiro;3.96;30.62;Nordeste;Roupas
359;2023-10-02;196;648.0;215.39;1521;112606.89;Distribuidor;Transferência Bancária;19.35;41.49;Sudeste;Cosméticos
360;2023-10-18;194;76.0;497.88;1831;29682.45;Distribuidor;Boleto;21.63;28.12;Sudeste;Eletrônicos
361;2023-02-21;184;18.0;386.1;1492;5671.1;Distribuidor;Boleto;18.89;34.12;Sudeste;Eletrônicos
362;2023-06-08;123;32.0;383.66;1319;12062.66;Loja Física;Cartão de Crédito;2.06;38.45;Sul;Móveis
363;2023-11-11;115;32.0;461.88;1444;11396.48;Distribuidor;Boleto;23.18;42.36;Sul;Eletrônicos
364;2023-11-08;144;85.0;367.4;1163;26419.04;Loja Física;Dinheiro;15.49;27.41;Centro-Oeste;Móveis
365;2023-10-02;183;91.0;425.51;1355;35951.21;Distribuidor;Transferência Bancária;7.2;17.74;Nordeste;Alimentos
366;2023-12-10;155;40.0;206.53;1136;6818.21;Online;Dinheiro;17.6;10.98;Nordeste;Alimentos
367;2023-11-23;198;51.0;206.07;1730;9234.67;Loja Física;Transferência Bancária;12.48;36.69;Sul;Alimentos
368;2023-02-23;127;75.0;478.95;1568;28446.04;Online;Transferência Bancária;20.92;39.52;Centro-Oeste;Alimentos
369;2023-11-01;145;39.0;381.17;1371;12674.73;Loja Física;Transferência Bancária;14.87;19.62;Nordeste;Roupas
370;2023-04-05;198;69.0;240.94;1360;16468.42;Distribuidor;Dinheiro;1.08;23.11;Nordeste;Eletrônicos
371;2023-03-01;181;40.0;249.9;1173;8098.76;Distribuidor;Cartão de Crédito;19.34;35.99;Sudeste;Roupas
372;2023-12-03;187;;18.13;1845;;Loja Física;Transferência Bancária;21.34;45.38;Sul;Cosméticos
373;2023-06-04;127;14.0;122.57;1189;1416.21;Distribuidor;Cartão de Crédito;19.41;33.3;Nordeste;Roupas
374;2023-05-05;177;36.0;240.94;1729;6339.0;Loja Física;Boleto;27.44;45.26;Sul;Alimentos
375;2023-06-13;148;12.0;153.96;1300;1707.69;Loja Física;Boleto;9.99;44.74;Sudeste;Alimentos
376;2023-02-28;187;76.0;491.09;1948;34808.07;Distribuidor;Boleto;6.84;38.11;Sul;Roupas
377;2023-04-17;194;55.0;66.61;1526;3134.03;Distribuidor;Boleto;15.31;31.37;Sudeste;Móveis
378;2023-07-21;105;37.0;257.72;1496;7243.06;Distribuidor;Transferência Bancária;24.21;16.0;Nordeste;Roupas
379;2023-10-28;197;83.0;14.86;1141;987.59;Loja Física;Transferência Bancária;20.6;8.29;Norte;Eletrônicos
380;2023-09-27;198;76.0;;1570;;Online;Cartão de Crédito;12.74;19.16;Nordeste;Cosméticos
381;2023-11-23;128;52.0;119.97;1902;5968.28;Loja Física;Transferência Bancária;5.03;43.63;Nordeste;Eletrônicos
382;2023-02-08;165;35.0;306.49;1363;10217.21;Loja Física;Dinheiro;5.07;33.93;Sudeste;Cosméticos
383;2023-06-17;168;59.0;444.74;1252;22827.06;Distribuidor;Dinheiro;13.1;24.8;Nordeste;Cosméticos
384;2023-05-17;185;81.0;287.56;1584;17060.61;Distribuidor;Dinheiro;26.92;38.55;Sul;Móveis
385;2023-01-14;172;29.0;325.61;1742;8273.91;Distribuidor;Boleto;12.75;35.16;Nordeste;Cosméticos
386;2023-07-28;133;10.0;147.16;1051;1099.66;Online;Cartão de Crédito;28.05;40.84;Sul;Roupas
387;2023-01-23;199;9.0;161.34;1782;1294.77;Online;Dinheiro;14.05;46.72;Norte;Cosméticos
388;2023-12-02;148;18.0;254.51;1622;4555.16;Loja Física;Boleto;1.1;24.37;Sul;Eletrônicos
389;2023-09-22;199;93.0;288.59;1796;24778.77;Loja Física;Transferência Bancária;7.84;44.07;Sul;Eletrônicos
390;2023-08-16;189;26.0;;1157;;Loja Física;Cartão de Crédito;0.36;5.16;Sudeste;Alimentos
391;2023-09-20;169;95.0;137.42;1223;12312.43;Online;Cartão de Crédito;5.97;36.91;Sudeste;Eletrônicos
392;2023-07-29;165;60.0;81.53;1094;4238.03;Online;Dinheiro;13.82;22.28;Sudeste;Móveis
393;2023-03-02;199;;190.5;1264;;Loja Física;Transferência Bancária;14.24;31.18;Sul;Roupas
394;2023-02-26;171;60.0;394.22;1619;16650.56;Loja Física;Cartão de Crédito;29.72;27.09;Nordeste;Eletrônicos
395;2023-08-26;101;59.0;302.11;1450;17111.09;Distribuidor;Cartão de Crédito;4.18;31.66;Sudeste;Móveis
396;2023-06-01;101;19.0;99.12;1056;1584.23;Online;Dinheiro;17.6;32.41;Nordeste;Cosméticos
397;2023-10-08;171;13.0;124.28;1335;1578.93;Loja Física;Cartão de Crédito;3.36;17.58;Nordeste;Cosméticos
398;2023-01-05;125;2.0;453.05;1440;827.72;Loja Física;Dinheiro;10.58;17.49;Nordeste;Alimentos
399;2023-04-11;177;28.0;204.13;1952;4599.26;Online;Transferência Bancária;19.72;10.74;Sudeste;Cosméticos
400;2023-11-02;150;11.0;428.31;1988;3936.55;Distribuidor;Transferência Bancária;17.1;30.79;Nordeste;Roupas
401;2023-12-10;127;68.0;488.96;1866;29958.62;Distribuidor;Boleto;9.92;7.67;Norte;Eletrônicos
402;2023-01-31;196;62.0;185.35;1805;9225.42;Online;Cartão de Crédito;20.14;48.15;Sul;Móveis
403;2023-02-24;143;17.0;16.33;1682;239.64;Loja Física;Cartão de Crédito;20.53;19.02;Sudeste;Alimentos
404;2023-06-03;119;28.0;366.62;1102;9614.27;Online;Cartão de Crédito;6.47;13.08;Centro-Oeste;Cosméticos
405;2023-10-04;198;7.0;247.86;1357;1553.87;Loja Física;Boleto;11.83;24.1;Nordeste;Móveis
406;2023-12-20;145;1.0;444.84;1216;427.15;Online;Boleto;12.14;36.31;Sul;Cosméticos
407;2023-12-24;180;8.0;92.92;1261;554.72;Distribuidor;Boleto;26.43;7.83;Centro-Oeste;Eletrônicos
408;2023-07-05;143;26.0;129.19;1910;2717.59;Loja Física;Boleto;19.51;13.98;Centro-Oeste;Alimentos
409;2023-01-30;167;68.0;241.1;1696;12987.5;Loja Física;Boleto;21.0;35.61;Sul;Alimentos
410;2023-11-06;108;60.0;76.53;1226;4395.8;Distribuidor;Dinheiro;5.22;43.69;Norte;Cosméticos
411;2023-04-30;183;37.0;186.56;1395;4879.43;Distribuidor;Cartão de Crédito;29.62;21.3;Sul;Móveis
412;2023-12-09;146;45.0;17.63;1912;732.72;Distribuidor;Boleto;9.28;12.99;Nordeste;Alimentos
413;2023-01-08;164;86.0;402.87;1671;29393.56;Loja Física;Dinheiro;15.23;23.45;Nordeste;Eletrônicos
414;2023-04-16;120;73.0;59.34;1242;4202.85;Distribuidor;Cartão de Crédito;3.28;13.11;Nordeste;Cosméticos
415;2023-05-18;196;39.0;301.97;1588;10951.7;Distribuidor;Boleto;7.42;48.71;Centro-Oeste;Móveis
416;2023-07-02;198;43.0;138.49;1186;5677.73;Loja Física;Boleto;5.03;22.2;Sudeste;Alimentos
417;2023-12-06;105;98.0;24.71;1955;1884.25;Distribuidor;Transferência Bancária;23.42;29.8;Norte;Móveis
418;2023-07-29;185;37.0;63.75;1448;1717.45;Online;Transferência Bancária;27.8;14.43;Sul;Cosméticos
419;2023-05-29;124;69.0;352.62;1957;19432.63;Online;Cartão de Crédito;20.32;45.86;Centro-Oeste;Cosméticos
420;2023-09-17;102;92.0;446.62;1866;31337.92;Online;Dinheiro;23.8;28.07;Nordeste;Cosméticos
421;2023-05-07;171;14.0;36.79;1576;521.19;Distribuidor;Cartão de Crédito;4.93;31.52;Sul;Eletrônicos
422;2023-10-26;175;14.0;147.9;1632;1842.23;Loja Física;Dinheiro;13.2;44.95;Norte;Eletrônicos
423;2023-03-07;128;42.0;205.23;1057;8365.79;Distribuidor;Transferência Bancária;3.09;12.48;Sudeste;Alimentos
424;2023-01-21;195;73.0;;1656;;Online;Cartão de Crédito;27.73;12.17;Nordeste;Alimentos
425;2023-10-20;165;7.0;226.91;1895;1269.55;Distribuidor;Cartão de Crédito;20.59;8.23;Sudeste;Móveis
426;2023-11-21;180;95.0;414.18;1644;38201.93;Distribuidor;Dinheiro;3.03;47.05;Centro-Oeste;Roupas
427;2023-04-23;182;13.0;147.75;1356;1518.08;Loja Física;Boleto;22.14;22.58;Sudeste;Alimentos
428;2023-05-19;114;99.0;;1515;;Online;Transferência Bancária;9.1;18.31;Nordeste;Eletrônicos
429;2023-08-26;121;4.0;414.67;1389;1217.26;Online;Boleto;27.61;16.54;Nordeste;Eletrônicos
430;2023-12-27;169;17.0;386.66;1734;6491.66;Online;Boleto;1.91;43.99;Norte;Roupas
431;2023-12-14;133;6.0;126.9;1251;739.42;Distribuidor;Transferência Bancária;9.34;49.13;Centro-Oeste;Roupas
432;2023-02-13;102;41.0;133.83;1050;4118.4;Online;Transferência Bancária;25.58;34.95;Norte;Roupas
433;2023-03-05;127;56.0;278.75;1383;15167.13;Distribuidor;Dinheiro;3.1;41.04;Sudeste;Eletrônicos
434;2023-09-23;119;30.0;469.63;1170;12965.69;Online;Boleto;8.21;33.49;Sul;Móveis
435;2023-04-02;115;54.0;;1724;;Loja Física;Cartão de Crédito;5.24;24.36;Nordeste;Eletrônicos
436;2023-04-22;171;23.0;388.31;1432;6577.3;Online;Cartão de Crédito;26.78;37.93;Norte;Móveis
437;2023-12-06;129;24.0;371.42;1813;7674.54;Online;Transferência Bancária;14.4;44.09;Nordeste;Alimentos
438;2023-11-29;135;37.0;426.88;1271;11769.75;Loja Física;Boleto;25.68;31.23;Sul;Eletrônicos
439;2023-10-02;197;60.0;445.71;1229;24162.33;Distribuidor;Transferência Bancária;9.79;37.83;Nordeste;Roupas
440;2023-11-27;148;35.0;442.88;1233;12427.64;Online;Transferência Bancária;20.07;37.85;Sudeste;Móveis
441;2023-08-15;149;71.0;451.45;1117;31092.83;Online;Cartão de Crédito;3.02;7.88;Sul;Roupas
442;2023-08-14;180;7.0;;1732;;Loja Física;Boleto;12.91;34.94;Centro-Oeste;Roupas
443;2023-05-12;156;89.0;172.89;1603;14233.37;Loja Física;Boleto;7.73;35.59;Norte;Eletrônicos
444;2023-08-17;163;;465.22;1183;;Distribuidor;Dinheiro;8.15;29.36;Nordeste;Cosméticos
445;2023-11-11;188;18.0;;1187;;Loja Física;Dinheiro;3.58;18.61;Sudeste;Roupas
446;2023-05-09;158;96.0;327.61;1507;27804.64;Online;Boleto;11.65;18.07;Norte;Cosméticos
447;2023-10-23;105;49.0;335.65;1493;15626.98;Online;Cartão de Crédito;5.18;32.08;Nordeste;Eletrônicos
448;2023-01-25;151;38.0;185.69;1183;5652.59;Distribuidor;Dinheiro;20.5;42.9;Sudeste;Móveis
449;2023-07-06;161;1.0;375.2;1893;333.92;Loja Física;Boleto;15.52;16.95;Sul;Cosméticos
450;2023-10-20;183;75.0;305.25;1673;19785.23;Distribuidor;Transferência Bancária;13.75;39.37;Centro-Oeste;Móveis
451;2023-12-22;117;5.0;395.3;1267;1485.74;Loja Física;Cartão de Crédito;26.22;27.48;Nordeste;Cosméticos
452;2023-11-22;145;96.0;;1639;;Online;Dinheiro;5.56;21.09;Nordeste;Roupas
453;2023-05-15;196;61.0;409.15;1987;19761.15;Online;Transferência Bancária;20.98;39.22;Nordeste;Cosméticos
454;2023-01-04;162;11.0;364.46;1802;3814.22;Distribuidor;Dinheiro;5.55;27.66;Centro-Oeste;Eletrônicos
455;2023-08-15;122;30.0;277.51;1472;6802.96;Loja Física;Transferência Bancária;18.86;47.81;Nordeste;Roupas
456;2023-06-18;197;98.0;137.26;1269;13323.3;Online;Boleto;1.17;29.2;Centro-Oeste;Roupas
457;2023-10-12;109;14.0;57.86;1391;816.69;Online;Cartão de Crédito;1.03;14.99;Centro-Oeste;Alimentos
458;2023-11-21;105;20.0;247.57;1408;4347.89;Loja Física;Transferência Bancária;12.42;11.45;Sul;Eletrônicos
459;2023-01-27;176;42.0;4035.88;1705;119002.32;Distribuidor;Boleto;29.8;8.43;Norte;Alimentos
460;2023-08-13;161;77.0;383.27;1099;28232.39;Distribuidor;Transferência Bancária;4.42;25.02;Sudeste;Móveis
461;2023-09-06;142;45.0;463.03;1594;16160.99;Distribuidor;Transferência Bancária;22.6;33.66;Centro-Oeste;Móveis
462;2023-07-21;116;52.0;411.96;1366;17751.41;Distribuidor;Dinheiro;17.22;18.34;Norte;Roupas
463;2023-07-17;159;17.0;171.92;1296;2693.92;Distribuidor;Boleto;8.42;17.37;Centro-Oeste;Eletrônicos
464;2023-05-16;117;38.0;81.54;1695;2424.86;Online;Transferência Bancária;23.04;40.24;Sul;Cosméticos
465;2023-05-06;168;15.0;13.88;1577;238.87;Loja Física;Dinheiro;8.86;49.12;Sul;Eletrônicos
466;2023-04-05;160;37.0;335.19;1234;11802.25;Distribuidor;Dinheiro;5.06;27.76;Sul;Eletrônicos
467;2023-03-14;125;5.0;101.93;1283;528.02;Online;Dinheiro;5.82;48.03;Sul;Cosméticos
468;2023-09-04;114;48.0;361.11;1911;16361.86;Distribuidor;Cartão de Crédito;5.65;7.91;Norte;Eletrônicos
469;2023-12-07;161;1.0;291.96;1143;255.78;Distribuidor;Boleto;22.76;30.27;Nordeste;Móveis
470;2023-05-16;153;50.0;240.31;1297;10156.75;Online;Cartão de Crédito;15.85;45.71;Sudeste;Eletrônicos
471;2023-07-15;181;;386.09;1973;;Distribuidor;Cartão de Crédito;19.61;27.89;Centro-Oeste;Móveis
472;2023-08-02;129;76.0;490.72;1518;27316.06;Loja Física;Cartão de Crédito;26.83;27.51;Nordeste;Móveis
473;2023-04-19;170;45.0;73.01;1638;3150.62;Distribuidor;Transferência Bancária;5.05;31.09;Norte;Cosméticos
474;2023-11-20;128;70.0;279.75;1250;17123.43;Online;Dinheiro;12.67;22.03;Norte;Roupas
475;2023-04-13;174;17.0;163.48;1224;2240.57;Loja Física;Boleto;20.4;28.36;Sudeste;Móveis
476;2023-12-07;105;17.0;23.7;1476;371.95;Online;Transferência Bancária;10.49;11.31;Sudeste;Alimentos
477;2023-11-24;184;11.0;24.38;1824;252.7;Distribuidor;Dinheiro;19.85;37.75;Sul;Cosméticos
478;2023-03-25;155;6.0;293.03;1180;1574.21;Loja Física;Cartão de Crédito;10.79;5.74;Nordeste;Roupas
479;2023-08-12;150;24.0;50.63;1646;1164.73;Online;Boleto;5.36;14.74;Norte;Móveis
480;2023-09-14;186;48.0;31.52;1334;1318.23;Distribuidor;Transferência Bancária;16.02;47.65;Nordeste;Alimentos
481;2023-05-14;153;68.0;94.71;1415;6436.08;Online;Transferência Bancária;0.46;25.43;Centro-Oeste;Cosméticos
482;2023-12-14;110;39.0;235.33;1390;8148.57;Distribuidor;Transferência Bancária;11.55;30.74;Sul;Eletrônicos
483;2023-04-18;143;19.0;255.38;1545;3893.1;Loja Física;Dinheiro;20.56;38.5;Nordeste;Móveis
484;2023-01-08;159;95.0;458.48;1383;40113.18;Distribuidor;Transferência Bancária;7.93;11.54;Centro-Oeste;Eletrônicos
485;2023-05-30;130;81.0;215.64;1186;13712.25;Loja Física;Dinheiro;21.78;49.69;Sudeste;Cosméticos
486;2023-06-21;159;32.0;;1762;;Online;Boleto;14.79;24.0;Sul;Móveis
487;2023-02-16;114;43.0;123.15;1894;4843.45;Loja Física;Boleto;8.63;5.0;Sul;Cosméticos
488;2023-01-01;148;48.0;473.25;1046;19817.33;Online;Boleto;12.94;40.78;Centro-Oeste;Roupas
489;2023-12-27;156;22.0;301.62;1639;6513.49;Distribuidor;Boleto;1.97;8.57;Sul;Eletrônicos
490;2023-06-29;165;;184.12;1538;;Distribuidor;Transferência Bancária;14.44;26.2;Norte;Eletrônicos
491;2023-02-08;107;;447.43;1051;;Loja Física;Cartão de Crédito;12.29;15.54;Sul;Alimentos
492;2023-03-31;169;75.0;157.28;1160;10177.07;Distribuidor;Transferência Bancária;13.83;12.46;Nordeste;Cosméticos
493;2023-03-16;115;32.0;441.74;1700;13717.94;Online;Dinheiro;3.06;14.81;Sudeste;Cosméticos
494;2023-08-15;152;84.0;69.36;1763;5813.04;Distribuidor;Transferência Bancária;0.83;35.16;Nordeste;Roupas
495;2023-05-04;132;67.0;469.73;1814;30263.6;Distribuidor;Boleto;3.94;31.68;Centro-Oeste;Alimentos
496;2023-12-10;187;20.0;469.47;1095;8523.17;Online;Transferência Bancária;9.31;7.92;Sul;Cosméticos
497;2023-04-07;178;32.0;179.18;1647;5585.98;Loja Física;Dinheiro;3.24;37.99;Sudeste;Cosméticos
498;2023-12-06;134;20.0;18.6;1689;315.76;Distribuidor;Dinheiro;23.02;29.39;Sudeste;Móveis
499;2023-10-10;129;40.0;182.99;1807;5432.77;Distribuidor;Transferência Bancária;25.9;8.95;Sul;Móveis
500;2023-07-26;151;40.0;98.6;1193;3278.06;Distribuidor;Transferência Bancária;17.48;23.47;Nordeste;Cosméticos
501;2023-02-02;189;62.0;140.37;1261;7098.3;Distribuidor;Dinheiro;18.84;34.99;Norte;Alimentos
502;2023-04-26;153;98.0;316.58;1613;22103.29;Distribuidor;Dinheiro;28.8;13.6;Centro-Oeste;Eletrônicos
503;2023-12-20;104;45.0;227.12;1667;8565.51;Loja Física;Boleto;16.54;35.56;Sul;Eletrônicos
504;2023-11-12;164;55.0;370.79;1934;15095.89;Loja Física;Dinheiro;26.06;16.97;Norte;Móveis
505;2023-11-10;126;95.0;322.15;1557;23965.79;Online;Boleto;21.82;39.39;Sul;Alimentos
506;2023-06-28;184;63.0;157.27;1663;8266.67;Loja Física;Transferência Bancária;16.63;6.36;Centro-Oeste;Móveis
507;2023-06-23;105;77.0;168.7;1268;11029.72;Online;Dinheiro;15.34;32.47;Nordeste;Cosméticos
508;2023-08-22;188;17.0;401.09;1649;6805.87;Loja Física;Cartão de Crédito;0.9;48.71;Nordeste;Móveis
509;2023-05-13;117;81.0;270.76;1157;19985.98;Online;Dinheiro;8.93;12.91;Centro-Oeste;Eletrônicos
510;2023-04-04;168;7.0;72.42;1157;515.93;Online;Boleto;7.12;45.08;Centro-Oeste;Alimentos
511;2023-12-14;156;69.0;297.49;1013;18758.93;Distribuidor;Boleto;8.77;32.32;Nordeste;Eletrônicos
512;2023-07-14;132;46.0;77.61;1599;2888.49;Online;Cartão de Crédito;19.98;31.73;Nordeste;Móveis
513;2023-07-05;181;85.0;435.67;1792;31333.61;Distribuidor;Dinheiro;15.48;34.21;Sul;Alimentos
514;2023-06-14;172;31.0;73.34;1649;2047.42;Online;Dinheiro;12.13;49.66;Norte;Móveis
515;2023-12-28;173;77.0;338.01;1068;20937.1;Online;Dinheiro;19.59;8.97;Sul;Roupas
516;2023-07-10;131;54.0;449.44;1421;22976.41;Distribuidor;Cartão de Crédito;5.38;12.36;Sudeste;Cosméticos
517;2023-01-05;194;34.0;;1440;;Loja Física;Transferência Bancária;7.09;32.57;Norte;Cosméticos
518;2023-07-25;173;91.0;;1715;;Loja Física;Dinheiro;14.44;41.46;Norte;Cosméticos
519;2023-12-10;148;19.0;479.46;1342;7188.09;Loja Física;Transferência Bancária;21.17;6.88;Centro-Oeste;Alimentos
520;2023-08-15;199;7.0;146.19;1188;1034.84;Distribuidor;Boleto;3.27;44.97;Sul;Móveis
521;2023-03-15;132;3.0;147.72;1664;342.72;Distribuidor;Cartão de Crédito;25.38;12.03;Norte;Alimentos
522;2023-08-07;114;27.0;240.33;1613;5044.8;Loja Física;Dinheiro;22.72;30.17;Norte;Eletrônicos
523;2023-01-27;161;26.0;474.37;1104;9996.43;Distribuidor;Transferência Bancária;19.27;39.5;Centro-Oeste;Roupas
524;2023-01-23;187;14.0;402.5;1488;4920.97;Distribuidor;Dinheiro;13.29;34.86;Nordeste;Eletrônicos
525;2023-07-27;132;64.0;142.88;1180;6949.68;Loja Física;Cartão de Crédito;24.43;39.32;Sudeste;Roupas
526;2023-12-21;156;92.0;123.48;1565;10082.16;Loja Física;Cartão de Crédito;11.41;18.19;Nordeste;Cosméticos
527;2023-04-01;128;63.0;107.32;1866;6402.57;Loja Física;Dinheiro;5.95;43.7;Norte;Roupas
528;2023-02-21;143;58.0;220.57;1942;12051.02;Loja Física;Boleto;5.93;16.59;Sudeste;Cosméticos
529;2023-10-30;197;38.0;405.87;1673;11237.33;Loja Física;Dinheiro;27.38;37.1;Nordeste;Eletrônicos
530;2023-07-28;150;46.0;84.63;1653;3209.83;Loja Física;Dinheiro;17.8;9.8;Nordeste;Roupas
531;2023-03-03;146;22.0;312.36;1481;6422.08;Distribuidor;Dinheiro;7.23;47.0;Sul;Eletrônicos
532;2023-10-31;172;;241.42;1455;;Distribuidor;Transferência Bancária;6.97;17.66;Sul;Eletrônicos
533;2023-04-15;137;50.0;326.7;1524;13995.15;Online;Boleto;14.39;10.76;Sudeste;Roupas
534;2023-05-09;102;26.0;207.71;1201;4503.83;Distribuidor;Cartão de Crédito;16.8;10.65;Sudeste;Alimentos
535;2023-11-24;117;13.0;382.31;1430;3673.66;Online;Boleto;26.9;40.57;Norte;Roupas
536;2023-04-05;115;53.0;167.29;1285;8226.54;Loja Física;Dinheiro;7.67;40.22;Sul;Cosméticos
537;2023-01-07;167;71.0;363.86;1268;20754.2;Online;Dinheiro;19.8;35.28;Centro-Oeste;Móveis
538;2023-06-23;185;48.0;480.23;1695;18079.53;Loja Física;Dinheiro;21.78;49.01;Norte;Móveis
539;2023-09-03;193;74.0;293.83;1048;16038.83;Online;Dinheiro;26.46;48.72;Centro-Oeste;Alimentos
540;2023-01-16;122;11.0;320.93;1246;2640.84;Distribuidor;Boleto;26.26;37.65;Sul;Alimentos
541;2023-06-19;182;73.0;267.15;1803;16202.16;Loja Física;Cartão de Crédito;17.14;42.84;Nordeste;Eletrônicos
542;2023-06-16;107;;248.12;1034;;Loja Física;Dinheiro;9.79;39.94;Nordeste;Alimentos
543;2023-11-06;155;17.0;92.59;1058;1445.88;Distribuidor;Transferência Bancária;8.68;8.48;Norte;Roupas
544;2023-03-24;149;96.0;346.9;1700;26462.19;Online;Cartão de Crédito;20.64;33.41;Sudeste;Cosméticos
545;2023-08-09;126;95.0;307.02;1641;22210.89;Distribuidor;Boleto;23.93;23.63;Sul;Cosméticos
546;2023-11-18;104;39.0;280.91;1657;9630.59;Distribuidor;Boleto;12.34;27.01;Centro-Oeste;Cosméticos
547;2023-06-19;189;49.0;160.15;1171;6157.88;Loja Física;Transferência Bancária;21.72;14.97;Centro-Oeste;Móveis
548;2023-11-19;126;61.0;203.3;1752;12054.19;Loja Física;Cartão de Crédito;2.85;6.33;Norte;Eletrônicos
549;2023-04-25;160;7.0;222.26;1439;1544.49;Online;Boleto;3.65;45.46;Norte;Eletrônicos
550;2023-12-15;183;71.0;332.17;1009;20687.31;Distribuidor;Dinheiro;12.48;46.53;Sul;Eletrônicos
551;2023-12-01;178;2.0;365.69;1439;610.87;Loja Física;Dinheiro;21.72;38.35;Nordeste;Eletrônicos
552;2023-08-18;118;;163.35;1761;;Loja Física;Dinheiro;27.45;38.46;Norte;Móveis
553;2023-08-08;196;66.0;311.22;1656;16440.02;Online;Cartão de Crédito;20.17;42.52;Sul;Móveis
554;2023-09-04;191;22.0;191.48;1835;4004.95;Online;Transferência Bancária;5.38;19.03;Nordeste;Móveis
555;2023-04-11;136;47.0;247.75;1681;10218.97;Online;Cartão de Crédito;12.6;41.9;Sudeste;Alimentos
556;2023-08-10;120;1.0;50.14;1470;81.48;Distribuidor;Cartão de Crédito;8.2;35.45;Sudeste;Eletrônicos
557;2023-06-28;103;;293.55;1815;;Online;Boleto;2.02;40.44;Sudeste;Alimentos
558;2023-06-24;118;37.0;449.26;1724;12548.61;Distribuidor;Dinheiro;24.77;43.41;Centro-Oeste;Alimentos
559;2023-04-04;177;716.0;477.17;1088;306474.28;Distribuidor;Cartão de Crédito;10.31;45.06;Sudeste;Cosméticos
560;2023-04-25;151;21.0;173.97;1225;3091.95;Distribuidor;Dinheiro;15.53;5.95;Sul;Eletrônicos
561;2023-06-11;149;85.0;93.36;1507;6588.52;Loja Física;Transferência Bancária;17.3;25.78;Norte;Roupas
562;2023-09-26;131;35.0;488.55;1826;12424.14;Online;Boleto;27.62;47.7;Nordeste;Alimentos
563;2023-08-13;197;62.0;400.39;1980;24107.93;Distribuidor;Transferência Bancária;3.01;30.96;Sul;Eletrônicos
564;2023-08-22;118;31.0;153.66;1213;3411.18;Loja Física;Dinheiro;29.17;37.22;Nordeste;Eletrônicos
565;2023-12-03;112;28.0;12.2;1804;315.96;Distribuidor;Cartão de Crédito;13.38;20.07;Norte;Eletrônicos
566;2023-03-08;191;74.0;139.46;1748;8720.32;Online;Dinheiro;15.59;9.17;Centro-Oeste;Alimentos
567;2023-05-06;198;73.0;477.92;1268;24543.37;Online;Dinheiro;29.74;30.95;Norte;Alimentos
568;2023-05-19;171;53.0;242.39;1026;12193.89;Distribuidor;Dinheiro;5.27;24.24;Norte;Eletrônicos
569;2023-04-23;194;85.0;154.21;1002;10222.39;Online;Cartão de Crédito;22.06;6.13;Norte;Móveis
570;2023-08-07;145;24.0;177.77;1762;3401.59;Loja Física;Boleto;20.49;9.31;Nordeste;Cosméticos
571;2023-06-05;180;;2461.09;1790;;Loja Física;Cartão de Crédito;6.72;25.83;Norte;Alimentos
572;2023-07-04;165;49.0;287.0;1558;10013.61;Online;Cartão de Crédito;28.99;27.47;Sul;Alimentos
573;2023-05-01;188;60.0;116.41;1851;6935.12;Distribuidor;Transferência Bancária;1.1;27.35;Sudeste;Móveis
574;2023-11-18;116;44.0;350.99;1249;12400.93;Distribuidor;Cartão de Crédito;19.82;18.28;Sudeste;Eletrônicos
575;2023-07-17;145;43.0;241.65;1018;7697.87;Distribuidor;Dinheiro;26.21;30.39;Sul;Móveis
576;2023-12-11;191;14.0;87.91;1034;1109.92;Loja Física;Dinheiro;12.01;26.99;Centro-Oeste;Móveis
577;2023-10-18;137;10.0;494.32;1095;4301.93;Online;Dinheiro;13.3;16.18;Sudeste;Eletrônicos
578;2023-01-04;150;28.0;204.89;1195;5657.28;Loja Física;Dinheiro;1.97;33.38;Nordeste;Alimentos
579;2023-07-08;124;91.0;200.83;1000;16871.13;Online;Boleto;7.9;39.37;Centro-Oeste;Alimentos
580;2023-08-27;148;35.0;227.0;1667;6244.54;Online;Boleto;21.5;7.71;Norte;Eletrônicos
581;2023-06-15;176;71.0;116.61;1048;5852.61;Loja Física;Transferência Bancária;29.47;13.21;Centro-Oeste;Cosméticos
582;2023-06-21;104;42.0;481.79;1494;18177.83;Loja Física;Transferência Bancária;10.35;36.99;Norte;Roupas
583;2023-07-31;151;38.0;218.0;1726;7939.28;Online;Cartão de Crédito;4.44;23.09;Sudeste;Móveis
584;2023-12-11;146;7.0;297.22;1500;2053.84;Distribuidor;Cartão de Crédito;2.79;31.35;Norte;Eletrônicos
585;2023-03-12;140;59.0;176.22;1899;9863.18;Online;Transferência Bancária;5.41;28.68;Centro-Oeste;Roupas
586;2023-05-29;114;86.0;245.47;1764;20420.09;Loja Física;Boleto;3.33;12.65;Norte;Cosméticos
587;2023-10-12;110;4.0;453.0;1992;1393.13;Online;Dinheiro;24.9;32.32;Sul;Móveis
588;2023-04-26;127;76.0;92.13;1011;6206.83;Online;Transferência Bancária;11.5;10.17;Norte;Eletrônicos
589;2023-11-19;178;12.0;398.77;1624;4255.2;Online;Boleto;11.94;41.32;Sul;Eletrônicos
590;2023-04-03;113;30.0;236.45;1728;5325.69;Loja Física;Boleto;25.31;27.55;Nordeste;Móveis
591;2023-04-13;104;79.0;135.9;1156;8354.28;Distribuidor;Transferência Bancária;22.26;8.04;Sul;Móveis
592;2023-12-24;186;84.0;346.37;1296;24544.56;Distribuidor;Boleto;15.81;49.41;Centro-Oeste;Alimentos
593;2023-07-17;115;27.0;129.72;1201;3002.34;Distribuidor;Dinheiro;15.0;25.27;Nordeste;Móveis
594;2023-04-20;129;81.0;85.15;1770;5492.14;Loja Física;Boleto;20.9;36.49;Centro-Oeste;Cosméticos
595;2023-11-26;178;36.0;171.78;1462;5105.98;Loja Física;Cartão de Crédito;17.62;11.53;Nordeste;Alimentos
596;2023-04-11;142;53.0;153.51;1571;7687.86;Distribuidor;Cartão de Crédito;5.65;11.52;Nordeste;Alimentos
597;2023-07-02;125;;367.88;1778;;Online;Boleto;3.77;12.03;Sul;Alimentos
598;2023-11-30;175;81.0;385.34;1388;27422.72;Online;Cartão de Crédito;12.18;11.87;Nordeste;Cosméticos
599;2023-06-09;195;11.0;61.86;1713;590.84;Loja Física;Transferência Bancária;14.82;11.22;Centro-Oeste;Móveis
600;2023-03-23;191;61.0;386.26;1365;23029.23;Loja Física;Cartão de Crédito;2.47;49.35;Centro-Oeste;Eletrônicos
601;2023-02-05;122;74.0;135.72;1127;8450.17;Online;Boleto;16.07;20.85;Nordeste;Eletrônicos
602;2023-08-26;143;26.0;;1090;;Loja Física;Cartão de Crédito;29.03;13.63;Nordeste;Alimentos
603;2023-09-01;184;27.0;355.82;1619;7618.54;Loja Física;Transferência Bancária;20.95;24.1;Norte;Eletrônicos
604;2023-09-08;155;52.0;438.14;1253;21835.78;Online;Boleto;4.28;27.62;Norte;Alimentos
605;2023-09-12;102;80.0;307.55;1264;20424.91;Distribuidor;Cartão de Crédito;17.09;25.73;Nordeste;Móveis
606;2023-10-09;125;28.0;470.17;1293;10013.63;Online;Boleto;24.13;25.53;Nordeste;Móveis
607;2023-01-22;100;;336.06;1226;;Distribuidor;Cartão de Crédito;10.31;37.45;Sudeste;Móveis
608;2023-08-18;195;86.0;428.78;1758;32164.66;Distribuidor;Boleto;12.87;35.4;Norte;Alimentos
609;2023-06-03;156;54.0;265.1;1102;14325.11;Distribuidor;Cartão de Crédito;0.07;19.73;Sul;Cosméticos
610;2023-04-30;170;24.0;444.0;1859;7889.14;Online;Dinheiro;26.09;13.29;Centro-Oeste;Móveis
611;2023-06-15;182;23.0;66.42;1752;1348.58;Loja Física;Dinheiro;14.11;36.47;Sul;Cosméticos
612;2023-07-18;186;93.0;199.34;1442;17147.54;Online;Transferência Bancária;7.61;19.71;Norte;Cosméticos
613;2023-12-13;162;44.0;151.81;1954;6332.52;Online;Transferência Bancária;5.93;48.98;Norte;Eletrônicos
614;2023-03-16;146;7.0;83.13;1945;545.16;Loja Física;Transferência Bancária;12.82;37.85;Sudeste;Móveis
615;2023-03-20;189;14.0;83.21;1245;1109.26;Online;Transferência Bancária;6.7;22.37;Sudeste;Móveis
616;2023-11-15;177;78.0;2916.56;1275;166346.41;Loja Física;Transferência Bancária;26.9;49.99;Sul;Cosméticos
617;2023-03-14;112;18.0;226.79;1803;3815.67;Loja Física;Cartão de Crédito;6.8;11.04;Sudeste;Roupas
618;2023-07-19;162;41.0;456.25;1420;16467.95;Distribuidor;Cartão de Crédito;12.07;19.54;Sudeste;Roupas
619;2023-10-29;137;95.0;471.13;1636;42897.36;Loja Física;Dinheiro;4.22;28.77;Nordeste;Alimentos
620;2023-05-14;183;69.0;;1330;;Distribuidor;Cartão de Crédito;3.57;10.58;Nordeste;Roupas
621;2023-02-17;131;19.0;136.98;1305;2449.04;Distribuidor;Cartão de Crédito;7.13;31.99;Sudeste;Alimentos
622;2023-07-07;128;3.0;14.14;1658;79.92;Loja Física;Transferência Bancária;0.09;37.54;Centro-Oeste;Cosméticos
623;2023-06-20;159;28.0;441.89;1260;10174.74;Loja Física;Transferência Bancária;17.96;24.0;Centro-Oeste;Móveis
624;2023-05-19;183;;270.73;1472;;Loja Física;Boleto;6.67;33.73;Nordeste;Alimentos
625;2023-08-31;140;80.0;88.96;1975;6240.23;Loja Física;Boleto;12.94;44.34;Centro-Oeste;Alimentos
626;2023-11-10;189;52.0;416.93;1817;16468.86;Loja Física;Dinheiro;24.26;48.16;Centro-Oeste;Eletrônicos
627;2023-12-12;129;88.0;45.15;1990;3501.49;Online;Boleto;12.47;23.75;Nordeste;Móveis
628;2023-05-06;128;48.0;428.28;1269;15876.98;Loja Física;Transferência Bancária;22.95;37.47;Centro-Oeste;Móveis
629;2023-07-26;152;64.0;17.92;1435;941.55;Distribuidor;Cartão de Crédito;21.36;39.64;Sul;Alimentos
630;2023-12-05;142;31.0;232.9;1400;5390.39;Online;Dinheiro;25.85;36.83;Sul;Alimentos
631;2023-07-17;110;14.0;183.44;1439;2291.61;Loja Física;Dinheiro;11.9;29.06;Norte;Móveis
632;2023-07-06;184;93.0;328.01;1104;23721.16;Loja Física;Cartão de Crédito;22.28;12.73;Centro-Oeste;Roupas
633;2023-01-18;117;47.0;279.61;1715;10939.15;Distribuidor;Dinheiro;16.89;17.11;Sul;Eletrônicos
634;2023-07-17;100;15.0;183.37;1061;2352.41;Distribuidor;Boleto;15.63;31.77;Sul;Roupas
635;2023-12-17;139;47.0;493.17;1354;21330.12;Online;Dinheiro;8.07;21.67;Sul;Cosméticos
636;2023-06-02;138;46.0;220.38;1273;8636.99;Online;Transferência Bancária;15.26;46.49;Sudeste;Alimentos
637;2023-05-12;198;98.0;247.5;1710;23869.71;Loja Física;Transferência Bancária;1.64;12.49;Nordeste;Alimentos
638;2023-11-22;165;5.0;318.12;1536;1553.75;Online;Boleto;3.46;18.18;Centro-Oeste;Móveis
639;2023-06-14;148;11.0;58.59;1605;560.99;Online;Boleto;14.33;8.86;Sul;Cosméticos
640;2023-02-28;186;64.0;441.9;1221;25778.06;Loja Física;Boleto;8.96;30.49;Norte;Roupas
641;2023-06-27;145;19.0;287.34;1578;3996.49;Online;Cartão de Crédito;27.1;16.54;Sudeste;Cosméticos
642;2023-06-02;149;73.0;;1203;;Distribuidor;Dinheiro;28.61;46.25;Sudeste;Roupas
643;2023-06-11;122;59.0;462.09;1046;20097.62;Loja Física;Dinheiro;26.36;20.92;Nordeste;Móveis
644;2023-12-20;192;74.0;324.75;1168;23750.34;Loja Física;Dinheiro;1.24;16.83;Centro-Oeste;Roupas
645;2023-08-30;165;14.0;45.15;1721;521.44;Loja Física;Boleto;24.58;44.71;Norte;Cosméticos
646;2023-05-16;185;13.0;50.95;1167;592.03;Online;Cartão de Crédito;13.81;21.15;Centro-Oeste;Móveis
647;2023-08-24;166;30.0;288.43;1511;8543.71;Loja Física;Transferência Bancária;1.41;12.82;Sul;Roupas
648;2023-02-16;132;79.0;67.17;1777;5165.66;Distribuidor;Cartão de Crédito;3.54;47.08;Norte;Roupas
649;2023-05-08;150;78.0;31.01;1363;1847.66;Online;Boleto;23.83;5.28;Norte;Eletrônicos
650;2023-12-04;170;10.0;197.99;1282;1732.61;Distribuidor;Dinheiro;14.52;40.19;Centro-Oeste;Roupas
651;2023-06-07;135;47.0;489.28;1788;18975.39;Online;Cartão de Crédito;17.7;49.55;Centro-Oeste;Eletrônicos
652;2023-01-13;123;61.0;279.36;1953;16949.42;Distribuidor;Transferência Bancária;0.61;12.41;Sudeste;Cosméticos
653;2023-04-29;182;77.0;443.56;1964;33793.74;Loja Física;Boleto;1.11;18.73;Sul;Roupas
654;2023-10-30;189;;231.9;1618;;Loja Física;Dinheiro;12.85;30.64;Sul;Eletrônicos
655;2023-10-16;179;76.0;;1322;;Online;Boleto;15.15;19.22;Nordeste;Móveis
656;2023-10-18;127;25.0;24.66;1052;616.53;Loja Física;Transferência Bancária;4.77;29.44;Centro-Oeste;Alimentos
657;2023-04-26;185;60.0;362.53;1807;19372.14;Online;Boleto;11.15;45.67;Sul;Cosméticos
658;2023-03-29;101;73.0;478.13;1851;34882.69;Loja Física;Dinheiro;0.11;17.59;Nordeste;Móveis
659;2023-05-05;109;16.0;240.09;1447;3727.75;Online;Cartão de Crédito;4.0;39.97;Centro-Oeste;Móveis
660;2023-06-24;181;55.0;134.39;1372;7366.62;Online;Cartão de Crédito;0.75;30.61;Nordeste;Cosméticos
661;2023-12-30;111;33.0;;1647;;Distribuidor;Transferência Bancária;26.41;47.48;Sul;Móveis
662;2023-02-22;164;81.0;;1543;;Loja Física;Dinheiro;1.84;22.66;Sudeste;Móveis
663;2023-04-21;167;12.0;175.89;1096;1803.93;Distribuidor;Boleto;16.82;48.27;Norte;Eletrônicos
664;2023-03-06;161;16.0;185.12;1196;2490.15;Loja Física;Cartão de Crédito;17.56;48.34;Sudeste;Alimentos
665;2023-11-29;154;26.0;211.72;1155;5538.54;Loja Física;Dinheiro;0.13;40.98;Norte;Móveis
666;2023-03-15;136;22.0;230.94;1152;4156.72;Loja Física;Boleto;18.37;9.36;Nordeste;Alimentos
667;2023-05-27;184;23.0;91.69;1823;1588.04;Distribuidor;Transferência Bancária;25.44;15.67;Centro-Oeste;Eletrônicos
668;2023-09-18;119;82.0;341.37;1648;23154.58;Distribuidor;Boleto;17.31;7.71;Centro-Oeste;Cosméticos
669;2023-09-21;169;93.0;421.7;1556;37047.35;Distribuidor;Boleto;5.57;13.7;Centro-Oeste;Alimentos
670;2023-05-12;184;92.0;369.8;1821;28423.35;Loja Física;Dinheiro;16.52;22.12;Sudeste;Eletrônicos
671;2023-02-18;162;73.0;;1730;;Online;Transferência Bancária;20.93;32.29;Centro-Oeste;Eletrônicos
672;2023-03-18;168;92.0;91.41;1550;6706.4;Loja Física;Cartão de Crédito;20.52;22.35;Norte;Eletrônicos
673;2023-10-21;141;93.0;358.79;1155;27264.76;Loja Física;Dinheiro;18.36;23.56;Norte;Alimentos
674;2023-04-27;180;31.0;35.8;1226;1005.39;Online;Cartão de Crédito;11.48;23.0;Norte;Roupas
675;2023-02-18;116;42.0;255.95;1043;10366.66;Loja Física;Boleto;3.64;8.06;Centro-Oeste;Móveis
676;2023-04-20;157;10.0;475.4;1972;4696.64;Distribuidor;Cartão de Crédito;2.14;44.38;Sul;Eletrônicos
677;2023-06-29;105;53.0;182.23;1751;7920.59;Distribuidor;Dinheiro;18.35;34.68;Norte;Cosméticos
678;2023-02-19;196;44.0;369.5;1520;14509.25;Distribuidor;Dinheiro;10.88;20.12;Norte;Roupas
679;2023-03-13;122;82.0;468.01;1680;38385.79;Distribuidor;Dinheiro;0.06;32.0;Sul;Roupas
680;2023-12-13;103;51.0;66.92;1632;3288.71;Online;Cartão de Crédito;4.48;28.69;Centro-Oeste;Eletrônicos
681;2023-10-13;108;17.0;308.48;1493;4168.1;Distribuidor;Transferência Bancária;20.94;22.07;Centro-Oeste;Cosméticos
682;2023-01-04;162;65.0;285.94;1288;14370.85;Loja Física;Transferência Bancária;22.74;11.23;Sudeste;Móveis
683;2023-03-16;192;27.0;251.86;1448;5651.31;Loja Física;Transferência Bancária;17.48;39.77;Centro-Oeste;Eletrônicos
684;2023-03-26;141;8.0;260.42;1721;1713.6;Distribuidor;Boleto;18.15;8.37;Norte;Alimentos
685;2023-11-18;174;55.0;205.41;1716;10383.76;Online;Dinheiro;8.21;13.74;Sudeste;Alimentos
686;2023-01-21;192;83.0;76.49;1528;5425.86;Loja Física;Dinheiro;14.66;7.91;Sul;Móveis
687;2023-07-28;195;;112.96;1117;;Online;Transferência Bancária;28.14;17.76;Sul;Cosméticos
688;2023-02-12;111;76.0;37.62;1760;2568.2;Online;Cartão de Crédito;11.54;39.02;Nordeste;Alimentos
689;2023-01-29;134;58.0;417.24;1331;19818.97;Distribuidor;Dinheiro;18.3;47.64;Sudeste;Roupas
690;2023-12-10;191;59.0;17.45;1591;961.99;Distribuidor;Transferência Bancária;10.96;45.28;Sul;Cosméticos
691;2023-06-30;149;77.0;121.32;1220;8109.65;Loja Física;Cartão de Crédito;13.5;29.13;Nordeste;Alimentos
692;2023-11-01;171;14.0;422.81;1563;4556.43;Online;Transferência Bancária;23.49;27.54;Norte;Roupas
693;2023-04-13;139;73.0;458.85;1448;29606.32;Online;Boleto;11.76;49.41;Sul;Cosméticos
694;2023-09-23;158;19.0;;1878;;Distribuidor;Cartão de Crédito;13.12;27.7;Nordeste;Eletrônicos
695;2023-09-16;105;;344.55;1732;;Online;Boleto;8.61;38.86;Nordeste;Alimentos
696;2023-12-31;173;43.0;22.98;1932;792.09;Loja Física;Dinheiro;24.67;47.72;Sudeste;Cosméticos
697;2023-08-22;188;45.0;469.95;1060;19230.71;Distribuidor;Cartão de Crédito;9.09;5.29;Centro-Oeste;Cosméticos
698;2023-12-12;112;99.0;113.76;1530;8800.66;Online;Transferência Bancária;21.93;8.23;Norte;Móveis
699;2023-04-11;197;76.0;83.54;1721;4610.7;Online;Dinheiro;27.83;28.6;Centro-Oeste;Eletrônicos
700;2023-04-01;159;88.0;54.95;1153;3725.7;Distribuidor;Boleto;23.06;5.19;Nordeste;Cosméticos
701;2023-03-10;178;71.0;337.75;1552;17758.17;Distribuidor;Cartão de Crédito;26.09;34.37;Sul;Roupas
702;2023-04-16;115;79.0;172.8;1921;13115.86;Distribuidor;Boleto;4.25;44.84;Centro-Oeste;Cosméticos
703;2023-01-11;104;47.0;268.18;1772;11128.29;Online;Cartão de Crédito;12.08;46.45;Centro-Oeste;Cosméticos
704;2023-01-13;122;55.0;491.54;1906;26832.12;Distribuidor;Cartão de Crédito;0.77;5.59;Sul;Cosméticos
705;2023-04-15;152;51.0;71.29;1097;3110.36;Loja Física;Boleto;15.68;44.66;Centro-Oeste;Cosméticos
706;2023-08-14;166;44.0;288.94;1086;8940.07;Online;Cartão de Crédito;29.96;35.63;Sul;Cosméticos
707;2023-06-17;171;66.0;152.78;1225;8493.4;Online;Boleto;16.15;38.4;Norte;Roupas
708;2023-10-17;172;79.0;284.7;1366;16707.18;Distribuidor;Boleto;25.85;29.88;Sudeste;Alimentos
709;2023-04-10;105;7.0;436.16;1210;2160.83;Online;Boleto;29.69;14.18;Sul;Alimentos
710;2023-08-06;139;48.0;339.97;1675;14732.48;Loja Física;Boleto;9.94;35.98;Sul;Alimentos
711;2023-11-03;179;45.0;471.08;1752;18496.85;Loja Física;Transferência Bancária;12.84;20.15;Sul;Roupas
712;2023-12-11;179;10.0;374.22;1596;3159.94;Online;Boleto;16.4;31.46;Sudeste;Eletrônicos
713;2023-07-30;141;4.0;260.04;1901;832.94;Distribuidor;Boleto;21.91;20.68;Nordeste;Eletrônicos
714;2023-10-04;189;10.0;77.98;1314;690.01;Distribuidor;Dinheiro;15.29;29.44;Norte;Cosméticos
715;2023-08-11;122;35.0;60.84;1611;2021.95;Loja Física;Cartão de Crédito;5.54;10.52;Sul;Roupas
716;2023-06-06;189;95.0;166.61;1431;13450.55;Online;Dinheiro;15.07;7.87;Centro-Oeste;Móveis
717;2023-03-14;189;2.0;184.29;1461;296.26;Online;Boleto;21.64;7.44;Norte;Cosméticos
718;2023-10-02;119;39.0;412.16;1488;12492.17;Loja Física;Dinheiro;22.59;49.1;Sul;Móveis
719;2023-02-09;162;79.0;256.76;1103;17772.3;Loja Física;Cartão de Crédito;12.57;37.96;Nordeste;Cosméticos
720;2023-08-23;129;81.0;265.2;1414;17607.1;Loja Física;Boleto;18.25;46.22;Centro-Oeste;Eletrônicos
721;2023-05-04;109;95.0;498.62;1395;33272.1;Online;Transferência Bancária;29.8;19.13;Sul;Móveis
722;2023-10-12;111;51.0;320.64;1008;14721.31;Loja Física;Cartão de Crédito;10.16;30.1;Sudeste;Cosméticos
723;2023-06-02;199;14.0;295.74;1121;4031.33;Loja Física;Dinheiro;3.33;28.84;Centro-Oeste;Eletrônicos
724;2023-05-27;126;87.0;415.85;1026;34657.36;Distribuidor;Cartão de Crédito;4.23;8.78;Sudeste;Alimentos
725;2023-07-15;182;47.0;84.51;1104;3023.11;Loja Física;Dinheiro;24.23;13.55;Norte;Alimentos
726;2023-06-22;172;88.0;431.81;1095;30751.11;Online;Dinheiro;19.16;32.49;Centro-Oeste;Móveis
727;2023-07-31;101;38.0;140.2;1986;4774.16;Online;Transferência Bancária;11.0;32.6;Centro-Oeste;Móveis
728;2023-10-29;199;94.0;152.93;1562;14167.73;Online;Boleto;1.59;20.88;Sudeste;Móveis
729;2023-11-07;146;91.0;341.8;1229;30242.0;Loja Física;Transferência Bancária;2.93;49.54;Norte;Roupas
730;2023-01-01;155;;69.37;1019;;Online;Transferência Bancária;17.39;30.82;Norte;Móveis
731;2023-05-19;110;87.0;97.92;1439;7096.08;Online;Transferência Bancária;17.11;34.65;Sudeste;Cosméticos
732;2023-07-15;174;7.0;485.35;1252;2870.14;Loja Física;Cartão de Crédito;16.77;42.44;Sul;Alimentos
733;2023-08-08;124;75.0;317.15;1799;18946.02;Loja Física;Transferência Bancária;20.45;24.06;Nordeste;Eletrônicos
734;2023-12-22;195;44.0;134.45;1966;4417.09;Distribuidor;Dinheiro;25.61;16.33;Sudeste;Cosméticos
735;2023-06-12;143;2.0;450.88;1947;780.26;Distribuidor;Cartão de Crédito;16.25;25.04;Sudeste;Roupas
736;2023-02-20;191;74.0;181.28;1293;11549.49;Online;Dinheiro;14.09;24.9;Sul;Alimentos
737;2023-08-31;113;91.0;85.81;1651;5755.81;Online;Dinheiro;26.66;28.9;Sul;Eletrônicos
738;2023-12-25;178;49.0;490.36;1335;18366.33;Loja Física;Dinheiro;23.67;26.03;Centro-Oeste;Alimentos
739;2023-01-21;155;80.0;66.77;1940;4563.24;Online;Boleto;15.27;37.3;Centro-Oeste;Eletrônicos
740;2023-06-21;105;;290.77;1309;;Distribuidor;Boleto;2.35;33.62;Norte;Cosméticos
741;2023-04-29;123;20.0;377.54;1132;6899.79;Loja Física;Boleto;8.77;11.2;Sul;Móveis
742;2023-05-09;142;20.0;466.38;1483;6938.82;Distribuidor;Dinheiro;25.77;14.94;Norte;Móveis
743;2023-04-16;149;66.0;63.92;1242;3474.01;Online;Cartão de Crédito;18.55;37.86;Sudeste;Cosméticos
744;2023-07-14;175;28.0;268.62;1913;7428.53;Distribuidor;Dinheiro;1.56;24.5;Norte;Móveis
745;2023-08-14;156;36.0;74.93;1492;2118.86;Online;Dinheiro;22.5;28.31;Sudeste;Cosméticos
746;2023-05-21;143;10.0;388.3;1537;3348.9;Online;Transferência Bancária;14.05;11.46;Sudeste;Eletrônicos
747;2023-09-29;124;14.0;110.1;1950;1546.43;Distribuidor;Cartão de Crédito;0.41;11.35;Sul;Cosméticos
748;2023-04-29;181;54.0;121.09;1378;5271.26;Loja Física;Boleto;19.63;15.98;Norte;Roupas
749;2023-02-03;121;;499.24;1588;;Loja Física;Dinheiro;5.58;49.27;Sul;Alimentos
750;2023-06-01;194;89.0;424.14;1768;36777.84;Loja Física;Transferência Bancária;2.67;37.26;Sudeste;Eletrônicos
751;2023-02-08;118;11.0;328.76;1864;3347.97;Loja Física;Cartão de Crédito;7.9;17.3;Centro-Oeste;Móveis
752;2023-09-15;163;44.0;323.85;1966;13300.2;Loja Física;Transferência Bancária;6.9;34.01;Nordeste;Cosméticos
753;2023-09-24;189;6.0;303.05;1739;1456.24;Distribuidor;Dinheiro;21.89;35.97;Nordeste;Eletrônicos
754;2023-01-07;129;41.0;476.53;1425;14612.57;Loja Física;Transferência Bancária;25.44;45.24;Sul;Alimentos
755;2023-09-20;137;16.0;430.79;1360;5813.31;Loja Física;Transferência Bancária;16.02;24.87;Sudeste;Roupas
756;2023-04-13;149;15.0;309.25;1083;4182.84;Distribuidor;Cartão de Crédito;10.19;16.78;Sul;Móveis
757;2023-11-28;140;;76.95;1635;;Distribuidor;Transferência Bancária;22.62;18.23;Sul;Eletrônicos
758;2023-12-08;195;;190.69;1099;;Loja Física;Boleto;22.86;13.48;Centro-Oeste;Móveis
759;2023-06-28;111;36.0;481.16;1349;15918.01;Online;Cartão de Crédito;8.37;46.08;Sul;Eletrônicos
760;2023-11-04;156;98.0;69.55;1490;6774.48;Loja Física;Cartão de Crédito;1.11;34.24;Norte;Roupas
761;2023-09-16;163;15.0;58.59;1727;697.72;Loja Física;Boleto;25.65;44.3;Centro-Oeste;Eletrônicos
762;2023-11-29;114;7.0;25.17;1793;216.91;Distribuidor;Boleto;2.58;45.27;Nordeste;Alimentos
763;2023-06-07;132;89.0;315.02;1212;24351.5;Distribuidor;Dinheiro;13.27;35.2;Sul;Móveis
764;2023-01-10;165;4.0;164.44;1891;615.15;Online;Cartão de Crédito;12.93;42.44;Sul;Cosméticos
765;2023-04-26;165;69.0;452.34;1428;27668.37;Online;Transferência Bancária;11.39;11.9;Nordeste;Eletrônicos
766;2023-04-27;136;96.0;485.87;1328;41462.41;Distribuidor;Boleto;11.17;28.97;Centro-Oeste;Eletrônicos
767;2023-07-01;125;;139.68;1038;;Online;Dinheiro;24.26;30.51;Centro-Oeste;Alimentos
768;2023-08-24;176;;434.56;1470;;Online;Dinheiro;1.67;8.2;Sudeste;Eletrônicos
769;2023-07-13;172;35.0;;1231;;Loja Física;Boleto;25.28;20.24;Norte;Alimentos
770;2023-10-27;150;42.0;134.27;1306;4208.33;Distribuidor;Dinheiro;26.22;47.62;Centro-Oeste;Eletrônicos
771;2023-03-21;112;14.0;302.48;1655;3295.86;Online;Boleto;22.72;23.27;Sul;Cosméticos
772;2023-03-04;124;18.0;457.21;1511;6673.73;Loja Física;Transferência Bancária;19.06;12.55;Norte;Eletrônicos
773;2023-11-29;119;41.0;76.2;1900;2472.16;Loja Física;Dinheiro;21.21;10.6;Centro-Oeste;Alimentos
774;2023-02-17;167;75.0;132.86;1715;7969.8;Distribuidor;Transferência Bancária;20.13;11.15;Sudeste;Alimentos
775;2023-03-18;110;39.0;28.15;1282;904.9;Distribuidor;Cartão de Crédito;20.92;36.72;Norte;Cosméticos
776;2023-05-30;107;43.0;;1075;;Distribuidor;Transferência Bancária;16.97;11.7;Nordeste;Cosméticos
777;2023-05-01;152;;358.98;1794;;Online;Dinheiro;9.91;43.97;Sul;Cosméticos
778;2023-10-02;192;28.0;60.34;1972;1224.58;Online;Cartão de Crédito;29.23;28.91;Norte;Eletrônicos
779;2023-12-12;114;61.0;156.59;1796;7893.32;Distribuidor;Cartão de Crédito;17.67;29.17;Norte;Móveis
780;2023-01-14;172;16.0;280.95;1896;4136.19;Loja Física;Dinheiro;8.4;18.59;Norte;Cosméticos
781;2023-08-11;146;35.0;397.65;1325;11324.95;Loja Física;Boleto;18.93;41.83;Norte;Móveis
782;2023-04-03;199;51.0;494.71;1057;19706.95;Distribuidor;Cartão de Crédito;21.94;12.25;Nordeste;Cosméticos
783;2023-08-25;135;45.0;218.82;1486;7186.58;Online;Dinheiro;27.43;40.68;Norte;Cosméticos
784;2023-04-16;181;85.0;265.67;1525;17132.66;Distribuidor;Dinheiro;24.35;49.41;Nordeste;Roupas
785;2023-08-02;123;53.0;437.73;1790;18929.77;Distribuidor;Cartão de Crédito;18.52;26.66;Norte;Roupas
786;2023-01-07;161;26.0;239.6;1763;4609.38;Online;Boleto;26.43;26.26;Norte;Cosméticos
787;2023-04-11;153;76.0;114.79;1251;7049.26;Loja Física;Dinheiro;19.76;49.09;Nordeste;Roupas
788;2023-02-18;112;45.0;445.84;1984;19214.96;Loja Física;Cartão de Crédito;4.29;12.85;Norte;Roupas
789;2023-02-10;145;82.0;367.39;1317;27436.71;Loja Física;Cartão de Crédito;9.03;31.11;Centro-Oeste;Alimentos
790;2023-06-08;107;6.0;194.7;1602;1145.82;Distribuidor;Transferência Bancária;4.43;29.37;Nordeste;Roupas
791;2023-05-24;147;84.0;248.94;1574;20276.0;Distribuidor;Dinheiro;3.15;23.74;Sul;Móveis
792;2023-02-07;139;72.0;108.9;1645;6442.23;Loja Física;Dinheiro;18.03;15.13;Centro-Oeste;Cosméticos
793;2023-03-01;194;69.0;32.27;1850;2114.06;Distribuidor;Dinheiro;5.73;15.02;Norte;Cosméticos
794;2023-04-24;119;96.0;168.41;1812;11709.51;Loja Física;Cartão de Crédito;27.79;35.06;Norte;Móveis
795;2023-04-06;150;94.0;320.7;1366;24875.82;Loja Física;Dinheiro;17.57;26.64;Sul;Eletrônicos
796;2023-12-19;165;92.0;148.53;1220;12630.43;Distribuidor;Transferência Bancária;7.62;6.92;Centro-Oeste;Cosméticos
797;2023-07-28;143;33.0;492.78;1579;13566.08;Loja Física;Dinheiro;16.72;23.3;Nordeste;Eletrônicos
798;2023-10-16;182;42.0;59.65;1023;2007.21;Online;Cartão de Crédito;21.24;34.04;Centro-Oeste;Roupas
799;2023-03-04;178;83.0;326.07;1905;23298.74;Loja Física;Boleto;14.05;37.4;Sul;Roupas
800;2023-04-04;189;30.0;277.64;1435;6091.07;Online;Cartão de Crédito;27.15;23.25;Nordeste;Cosméticos
801;2023-11-17;156;741.0;11.57;1517;7135.08;Online;Boleto;17.12;29.47;Nordeste;Eletrônicos
802;2023-12-13;172;10.0;421.79;1218;3529.47;Loja Física;Transferência Bancária;16.91;24.82;Sudeste;Alimentos
803;2023-05-31;150;55.0;209.66;1545;10810.08;Loja Física;Transferência Bancária;6.31;6.41;Norte;Cosméticos
804;2023-10-20;134;9.0;261.97;1129;2324.1;Distribuidor;Transferência Bancária;2.62;28.14;Nordeste;Cosméticos
805;2023-03-25;190;26.0;;1063;;Online;Boleto;23.01;29.93;Nordeste;Roupas
806;2023-05-08;111;34.0;364.45;1480;10463.28;Distribuidor;Boleto;15.79;28.57;Sudeste;Móveis
807;2023-09-19;111;18.0;400.66;1084;6332.8;Loja Física;Boleto;12.8;44.04;Sudeste;Móveis
808;2023-12-15;136;48.0;66.03;1505;2466.23;Online;Cartão de Crédito;23.45;40.02;Nordeste;Eletrônicos
809;2023-06-04;149;17.0;483.04;1701;7245.66;Loja Física;Dinheiro;12.04;22.67;Sul;Alimentos
810;2023-08-30;176;50.0;436.39;1495;17997.51;Distribuidor;Dinheiro;17.63;24.79;Sudeste;Roupas
811;2023-03-25;181;63.0;443.71;1347;27024.29;Distribuidor;Cartão de Crédito;3.41;23.78;Centro-Oeste;Alimentos
812;2023-05-16;195;72.0;329.06;1746;16701.62;Distribuidor;Transferência Bancária;29.6;22.23;Sul;Alimentos
813;2023-06-30;174;95.0;;1204;;Loja Física;Transferência Bancária;4.93;39.99;Centro-Oeste;Móveis
814;2023-03-22;148;81.0;354.99;1287;27341.51;Loja Física;Dinheiro;5.07;45.16;Centro-Oeste;Eletrônicos
815;2023-01-01;174;87.0;388.89;1237;29411.21;Distribuidor;Dinheiro;13.21;47.18;Sul;Móveis
816;2023-08-04;111;38.0;122.33;1475;4314.4;Online;Cartão de Crédito;7.76;26.59;Nordeste;Alimentos
817;2023-07-27;193;10.0;429.09;1954;3500.4;Online;Cartão de Crédito;18.89;20.05;Norte;Roupas
818;2023-11-27;134;47.0;250.4;1387;11767.99;Loja Física;Dinheiro;0.39;45.09;Centro-Oeste;Eletrônicos
819;2023-09-10;174;13.0;124.08;1243;1399.17;Distribuidor;Cartão de Crédito;15.88;42.28;Sul;Cosméticos
820;2023-05-12;176;89.0;483.54;1596;32536.89;Online;Dinheiro;24.45;23.9;Centro-Oeste;Alimentos
821;2023-03-03;139;23.0;462.07;1394;7614.48;Loja Física;Transferência Bancária;28.49;14.68;Norte;Alimentos
822;2023-11-20;110;57.0;361.1;1179;16038.37;Online;Cartão de Crédito;22.2;25.03;Sudeste;Alimentos
823;2023-05-25;102;79.0;274.8;1073;20532.74;Online;Cartão de Crédito;5.62;43.6;Sudeste;Eletrônicos
824;2023-03-26;175;46.0;189.88;1965;7028.54;Loja Física;Transferência Bancária;20.07;47.07;Sudeste;Alimentos
825;2023-04-27;146;34.0;442.31;1141;12008.05;Online;Dinheiro;20.37;32.86;Centro-Oeste;Alimentos
826;2023-08-18;151;63.0;;1316;;Loja Física;Cartão de Crédito;14.74;47.35;Centro-Oeste;Alimentos
827;2023-09-13;141;5.0;;1616;;Online;Cartão de Crédito;22.9;28.42;Sul;Alimentos
828;2023-11-09;191;70.0;258.35;1849;13936.69;Online;Boleto;23.2;47.79;Nordeste;Cosméticos
829;2023-11-15;103;77.0;30.07;1442;1864.29;Loja Física;Dinheiro;21.15;38.6;Norte;Eletrônicos
830;2023-02-18;116;42.0;283.52;1301;11023.98;Distribuidor;Cartão de Crédito;7.72;35.43;Sudeste;Móveis
831;2023-05-26;163;13.0;425.49;1153;4020.97;Distribuidor;Cartão de Crédito;27.79;26.77;Nordeste;Roupas
832;2023-01-10;164;1.0;258.56;1899;282.99;Distribuidor;Transferência Bancária;1.38;28.0;Norte;Eletrônicos
833;2023-07-10;113;845.0;373.53;1448;223698.16;Loja Física;Dinheiro;29.13;9.16;Sudeste;Móveis
834;2023-03-21;138;23.0;241.65;1758;4699.04;Loja Física;Dinheiro;15.95;27.58;Sudeste;Móveis
835;2023-08-19;104;98.0;284.26;1718;22410.37;Online;Dinheiro;19.58;7.38;Nordeste;Móveis
836;2023-07-26;103;50.0;32.61;1244;1246.08;Online;Cartão de Crédito;24.95;22.39;Norte;Móveis
837;2023-08-17;119;66.0;162.09;1782;10224.33;Distribuidor;Dinheiro;4.88;48.45;Sul;Roupas
838;2023-11-24;181;11.0;450.11;1215;3666.92;Loja Física;Transferência Bancária;26.9;47.59;Sudeste;Móveis
839;2023-11-15;116;71.0;161.29;1966;11466.13;Online;Boleto;0.28;46.6;Nordeste;Cosméticos
840;2023-10-07;171;;232.25;1271;;Distribuidor;Boleto;27.89;11.96;Nordeste;Roupas
841;2023-12-14;124;72.0;289.14;1517;18277.29;Loja Física;Cartão de Crédito;12.34;28.16;Sul;Alimentos
842;2023-01-08;111;28.0;385.08;1822;7579.26;Loja Física;Dinheiro;29.86;16.6;Sul;Alimentos
843;2023-10-06;122;39.0;131.58;1512;4806.34;Distribuidor;Transferência Bancária;6.92;29.83;Nordeste;Roupas
844;2023-12-21;160;85.0;45.61;1743;3112.99;Online;Dinheiro;19.98;10.73;Nordeste;Móveis
845;2023-06-08;191;42.0;431.27;1711;13529.85;Distribuidor;Boleto;25.48;31.79;Centro-Oeste;Roupas
846;2023-09-04;102;83.0;359.95;1957;29698.4;Online;Transferência Bancária;0.67;22.72;Norte;Eletrônicos
847;2023-03-22;108;71.0;387.98;1337;27373.79;Online;Dinheiro;0.72;25.55;Sul;Móveis
848;2023-06-05;172;39.0;93.7;1800;3655.88;Loja Física;Boleto;0.99;37.76;Sul;Cosméticos
849;2023-02-17;189;35.0;241.5;1058;8479.22;Loja Física;Transferência Bancária;0.18;41.93;Sul;Roupas
850;2023-04-25;138;75.0;233.42;1541;16414.09;Loja Física;Transferência Bancária;6.41;29.76;Nordeste;Cosméticos
851;2023-01-12;152;;256.65;1927;;Loja Física;Dinheiro;24.13;47.24;Sudeste;Eletrônicos
852;2023-12-01;197;41.0;459.96;1463;17628.24;Distribuidor;Transferência Bancária;6.61;16.42;Norte;Cosméticos
853;2023-10-14;188;;495.93;1715;;Loja Física;Boleto;10.66;49.89;Nordeste;Eletrônicos
854;2023-04-01;163;95.0;25.51;1415;2425.7;Loja Física;Transferência Bancária;1.4;36.18;Norte;Roupas
855;2023-10-18;121;37.0;100.32;1274;3380.28;Online;Boleto;9.18;9.19;Nordeste;Eletrônicos
856;2023-02-24;104;99.0;421.87;1107;40776.93;Loja Física;Dinheiro;2.39;9.99;Sul;Alimentos
857;2023-12-04;131;60.0;52.91;1102;2916.19;Loja Física;Dinheiro;8.54;12.7;Sudeste;Eletrônicos
858;2023-06-13;175;90.0;488.0;1470;36383.0;Distribuidor;Boleto;17.26;43.59;Centro-Oeste;Roupas
859;2023-03-13;137;28.0;355.16;1327;9201.32;Loja Física;Transferência Bancária;7.88;40.47;Nordeste;Eletrônicos
860;2023-11-12;107;57.0;15.58;1756;752.31;Loja Física;Dinheiro;18.76;30.85;Nordeste;Cosméticos
861;2023-04-23;122;;352.02;1483;;Distribuidor;Boleto;19.6;13.71;Sul;Cosméticos
862;2023-03-10;142;32.0;161.22;1702;4301.73;Loja Física;Transferência Bancária;17.32;36.24;Centro-Oeste;Eletrônicos
863;2023-01-14;159;49.0;255.71;1531;10891.2;Loja Física;Boleto;13.42;42.91;Sul;Alimentos
864;2023-04-12;195;4.0;78.46;1325;316.98;Distribuidor;Dinheiro;7.87;27.84;Nordeste;Cosméticos
865;2023-10-03;154;65.0;305.72;1689;19031.73;Distribuidor;Boleto;4.41;36.28;Sul;Cosméticos
866;2023-12-30;173;38.0;;1192;;Loja Física;Transferência Bancária;13.83;10.08;Norte;Alimentos
867;2023-09-22;151;40.0;148.58;1491;4884.19;Loja Física;Transferência Bancária;18.46;38.1;Norte;Móveis
868;2023-12-19;182;13.0;;1385;;Distribuidor;Transferência Bancária;3.44;49.39;Norte;Móveis
869;2023-07-29;123;85.0;107.42;1818;8558.01;Distribuidor;Dinheiro;6.45;16.24;Centro-Oeste;Móveis
870;2023-07-17;183;76.0;151.51;1693;10934.51;Distribuidor;Cartão de Crédito;5.37;38.09;Norte;Alimentos
871;2023-04-11;125;77.0;52.57;1572;3815.29;Online;Dinheiro;6.91;47.11;Sudeste;Alimentos
872;2023-09-11;157;92.0;304.19;1570;27022.19;Loja Física;Boleto;3.5;16.2;Centro-Oeste;Cosméticos
873;2023-06-07;169;48.0;127.55;1974;5380.41;Distribuidor;Dinheiro;12.63;31.27;Sul;Alimentos
874;2023-08-19;189;;441.96;1884;;Online;Transferência Bancária;9.62;40.84;Sul;Alimentos
875;2023-05-31;145;22.0;299.77;1697;5401.27;Loja Física;Cartão de Crédito;18.27;11.23;Sudeste;Roupas
876;2023-01-31;188;;118.66;1658;;Loja Física;Transferência Bancária;27.11;11.82;Norte;Cosméticos
877;2023-09-13;151;18.0;13.57;1169;219.23;Distribuidor;Dinheiro;17.95;18.81;Sul;Eletrônicos
878;2023-01-20;159;40.0;67.2;1774;2574.4;Online;Transferência Bancária;5.43;32.36;Sul;Alimentos
879;2023-09-18;144;32.0;122.96;1228;3835.36;Distribuidor;Cartão de Crédito;3.34;32.06;Sul;Móveis
880;2023-05-29;126;764.0;280.73;1171;172373.26;Online;Cartão de Crédito;19.64;18.96;Centro-Oeste;Móveis
881;2023-12-29;143;56.0;104.59;1753;4458.01;Online;Dinheiro;24.59;41.22;Sul;Alimentos
882;2023-03-16;132;66.0;344.52;1928;20558.24;Distribuidor;Cartão de Crédito;9.66;16.44;Sudeste;Alimentos
883;2023-05-04;130;38.0;53.5;1843;1732.76;Loja Física;Boleto;15.31;11.01;Centro-Oeste;Eletrônicos
884;2023-08-03;114;1.0;205.87;1215;180.1;Loja Física;Dinheiro;23.6;22.82;Centro-Oeste;Eletrônicos
885;2023-11-13;171;;125.93;1635;;Loja Física;Boleto;0.51;40.73;Sul;Móveis
886;2023-08-18;196;14.0;403.4;1792;4498.66;Online;Dinheiro;20.9;31.41;Nordeste;Móveis
887;2023-09-08;161;9.0;72.7;1050;581.6;Loja Física;Transferência Bancária;15.27;27.21;Sudeste;Eletrônicos
888;2023-04-04;101;85.0;69.09;1392;4625.55;Online;Cartão de Crédito;21.79;32.55;Sudeste;Móveis
889;2023-06-19;147;;392.95;1117;;Loja Física;Transferência Bancária;26.17;44.78;Sudeste;Roupas
890;2023-02-10;143;83.0;182.38;1595;12918.21;Distribuidor;Transferência Bancária;14.84;27.08;Centro-Oeste;Eletrônicos
891;2023-07-08;190;679.0;395.75;1258;199719.42;Distribuidor;Transferência Bancária;25.68;10.99;Centro-Oeste;Alimentos
892;2023-07-29;115;14.0;;1498;;Online;Cartão de Crédito;0.38;31.27;Centro-Oeste;Roupas
893;2023-06-29;168;9.0;53.22;1028;420.36;Online;Dinheiro;18.9;31.91;Centro-Oeste;Alimentos
894;2023-10-24;174;7.0;485.81;1038;2411.58;Loja Física;Cartão de Crédito;29.61;17.85;Centro-Oeste;Móveis
895;2023-03-01;185;28.0;465.93;1248;11910.42;Loja Física;Cartão de Crédito;8.81;13.74;Nordeste;Alimentos
896;2023-01-30;139;38.0;402.91;1430;12012.24;Online;Boleto;21.69;22.52;Sudeste;Móveis
897;2023-08-14;194;36.0;420.8;1811;14157.98;Loja Física;Boleto;6.73;28.69;Sudeste;Cosméticos
898;2023-04-05;186;41.0;314.05;1865;9149.3;Online;Cartão de Crédito;29.19;31.77;Sul;Móveis
899;2023-08-27;100;27.0;460.83;1884;10807.37;Loja Física;Dinheiro;13.32;22.29;Sudeste;Móveis
900;2023-06-15;181;95.0;213.74;1013;16195.4;Loja Física;Cartão de Crédito;20.31;14.11;Nordeste;Alimentos
901;2023-08-05;158;77.0;447.78;1301;29275.45;Online;Cartão de Crédito;15.22;44.1;Centro-Oeste;Móveis
902;2023-09-30;112;58.0;234.55;1545;13299.26;Distribuidor;Dinheiro;2.42;24.57;Nordeste;Cosméticos
903;2023-12-22;191;46.0;393.07;1778;13801.11;Distribuidor;Boleto;23.91;43.11;Centro-Oeste;Móveis
904;2023-06-17;143;81.0;243.04;1883;18298.09;Loja Física;Boleto;7.27;43.04;Sul;Móveis
905;2023-06-07;154;59.0;351.64;1855;19040.5;Online;Transferência Bancária;8.37;30.24;Centro-Oeste;Eletrônicos
906;2023-03-07;147;24.0;221.99;1893;5319.27;Loja Física;Cartão de Crédito;0.91;39.99;Norte;Roupas
907;2023-10-07;122;73.0;196.79;1845;12002.55;Loja Física;Cartão de Crédito;16.65;28.76;Norte;Eletrônicos
908;2023-07-20;131;81.0;329.49;1371;22426.9;Distribuidor;Boleto;16.13;43.1;Centro-Oeste;Cosméticos
909;2023-03-29;134;19.0;393.07;1494;7084.42;Distribuidor;Boleto;5.52;28.34;Norte;Roupas
910;2023-10-21;198;75.0;49.91;1798;2938.11;Loja Física;Transferência Bancária;21.72;7.89;Sudeste;Cosméticos
911;2023-08-06;142;16.0;139.4;1064;2227.11;Distribuidor;Cartão de Crédito;1.4;27.94;Sudeste;Móveis
912;2023-12-12;168;89.0;298.44;1363;20355.73;Loja Física;Boleto;23.53;44.41;Nordeste;Roupas
913;2023-05-15;162;65.0;154.0;1199;7051.47;Distribuidor;Dinheiro;29.81;25.45;Sudeste;Alimentos
914;2023-08-05;136;4.0;294.7;1323;1163.05;Loja Física;Cartão de Crédito;4.8;40.83;Sul;Móveis
915;2023-04-12;183;91.0;496.76;1638;40943.08;Distribuidor;Boleto;9.44;5.29;Sul;Roupas
916;2023-10-25;144;21.0;443.7;1366;8548.22;Online;Dinheiro;8.77;47.68;Nordeste;Cosméticos
917;2023-02-13;181;48.0;293.06;1128;11803.62;Loja Física;Transferência Bancária;16.37;39.49;Norte;Eletrônicos
918;2023-04-21;170;63.0;43.47;1863;2666.76;Loja Física;Cartão de Crédito;3.0;10.31;Sul;Alimentos
919;2023-08-28;106;98.0;;1392;;Distribuidor;Dinheiro;15.03;35.52;Sudeste;Roupas
920;2023-10-06;148;25.0;476.3;1323;8713.73;Loja Física;Transferência Bancária;26.92;11.73;Sudeste;Cosméticos
921;2023-01-12;109;83.0;72.61;1523;5260.42;Online;Dinheiro;13.4;41.36;Centro-Oeste;Alimentos
922;2023-04-30;128;41.0;313.31;1407;10250.04;Distribuidor;Boleto;20.27;8.16;Nordeste;Móveis
923;2023-10-10;177;10.0;82.64;1532;634.31;Online;Cartão de Crédito;24.9;13.68;Norte;Móveis
924;2023-02-18;156;73.0;64.55;1769;3798.86;Distribuidor;Boleto;20.01;29.61;Centro-Oeste;Alimentos
925;2023-07-19;109;72.0;189.81;1710;12413.4;Distribuidor;Boleto;9.33;22.15;Sudeste;Roupas
926;2023-08-28;185;93.0;133.95;1238;11257.53;Distribuidor;Boleto;9.8;21.0;Nordeste;Eletrônicos
927;2023-07-02;166;42.0;370.63;1324;12494.09;Distribuidor;Dinheiro;19.87;20.69;Nordeste;Móveis
928;2023-04-07;109;20.0;120.84;1170;2303.43;Online;Dinheiro;5.03;8.2;Sul;Móveis
929;2023-12-23;136;87.0;424.69;1355;36476.09;Loja Física;Dinheiro;1.31;12.08;Sudeste;Cosméticos
930;2023-12-05;128;68.0;127.87;1124;8653.07;Online;Dinheiro;0.75;23.12;Sudeste;Eletrônicos
931;2023-03-29;164;79.0;333.11;1239;23466.73;Loja Física;Dinheiro;10.93;27.34;Centro-Oeste;Eletrônicos
932;2023-01-03;174;67.0;95.63;1278;4954.98;Online;Transferência Bancária;22.77;6.69;Sudeste;Eletrônicos
933;2023-09-22;113;88.0;295.11;1158;20334.86;Distribuidor;Cartão de Crédito;21.87;44.75;Sudeste;Eletrônicos
934;2023-09-24;102;25.0;256.86;1038;5588.99;Distribuidor;Boleto;13.39;27.33;Norte;Móveis
935;2023-09-19;137;85.0;289.98;1331;22546.94;Online;Boleto;8.55;6.07;Nordeste;Móveis
936;2023-10-22;171;36.0;198.62;1820;7070.58;Loja Física;Transferência Bancária;1.53;29.66;Norte;Eletrônicos
937;2023-04-11;187;47.0;;1866;;Distribuidor;Dinheiro;0.43;37.44;Sudeste;Móveis
938;2023-04-28;194;33.0;162.15;1503;5349.98;Distribuidor;Dinheiro;0.36;18.29;Centro-Oeste;Roupas
939;2023-03-01;181;35.0;454.98;1707;13244.66;Distribuidor;Cartão de Crédito;17.09;41.82;Sul;Móveis
940;2023-06-14;103;43.0;376.08;1369;11841.98;Distribuidor;Boleto;27.02;40.06;Norte;Roupas
941;2023-09-19;198;93.0;;1490;;Online;Boleto;25.65;44.85;Norte;Móveis
942;2023-02-08;180;;234.71;1192;;Distribuidor;Dinheiro;5.3;30.63;Centro-Oeste;Cosméticos
943;2023-06-13;182;83.0;437.67;1006;32628.43;Online;Cartão de Crédito;10.24;21.66;Sudeste;Móveis
944;2023-03-30;150;56.0;98.43;1545;5138.12;Loja Física;Cartão de Crédito;7.15;20.15;Sul;Cosméticos
945;2023-07-27;161;36.0;85.59;1285;2722.57;Loja Física;Transferência Bancária;11.84;6.15;Norte;Alimentos
946;2023-12-07;182;66.0;288.02;1341;16958.0;Online;Boleto;10.82;5.49;Centro-Oeste;Roupas
947;2023-09-23;128;94.0;491.02;1014;39594.93;Online;Transferência Bancária;14.23;7.03;Norte;Roupas
948;2023-05-13;135;21.0;;1820;;Online;Dinheiro;29.46;17.8;Sudeste;Cosméticos
949;2023-01-25;153;47.0;311.45;1598;11222.31;Loja Física;Transferência Bancária;23.61;40.23;Sudeste;Cosméticos
950;2023-04-05;126;99.0;316.65;1091;22736.51;Online;Cartão de Crédito;27.5;8.96;Norte;Móveis
951;2023-12-06;142;92.0;348.09;1195;31991.31;Distribuidor;Dinheiro;0.17;21.47;Sul;Roupas
952;2023-03-19;146;63.0;340.16;1881;18123.62;Distribuidor;Transferência Bancária;15.56;28.06;Sudeste;Cosméticos
953;2023-09-25;169;63.0;438.89;1862;20491.13;Distribuidor;Dinheiro;25.96;19.02;Nordeste;Móveis
954;2023-03-23;128;79.0;222.17;1103;13803.44;Online;Boleto;21.45;16.79;Sul;Móveis
955;2023-06-04;143;31.0;474.03;1430;13374.66;Online;Boleto;9.09;15.5;Sudeste;Eletrônicos
956;2023-06-25;183;92.0;391.33;1343;28605.74;Loja Física;Boleto;20.67;45.07;Sul;Eletrônicos
957;2023-04-09;162;52.0;144.37;1024;6269.74;Online;Cartão de Crédito;16.72;17.71;Nordeste;Alimentos
958;2023-01-22;174;5.0;151.78;1235;627.04;Online;Cartão de Crédito;21.29;29.71;Norte;Roupas
959;2023-06-20;174;69.0;3545.1;1397;209767.63;Distribuidor;Boleto;14.25;12.93;Nordeste;Cosméticos
960;2023-05-26;109;7.0;485.72;1416;2450.91;Distribuidor;Boleto;28.74;28.04;Sul;Roupas
961;2023-04-12;191;42.0;21.47;1032;675.13;Online;Cartão de Crédito;29.81;42.2;Centro-Oeste;Móveis
962;2023-09-02;199;736.0;49.34;1242;25634.85;Distribuidor;Dinheiro;29.46;18.79;Centro-Oeste;Cosméticos
963;2023-07-03;175;40.0;223.12;1374;7561.77;Distribuidor;Dinheiro;15.34;6.03;Sul;Eletrônicos
964;2023-04-11;196;28.0;302.37;1497;6392.09;Online;Boleto;24.84;28.77;Centro-Oeste;Cosméticos
965;2023-07-16;138;14.0;470.67;1793;4767.31;Loja Física;Boleto;28.26;40.09;Sudeste;Eletrônicos
966;2023-04-22;131;45.0;399.27;1841;13277.85;Distribuidor;Transferência Bancária;26.34;43.25;Sul;Móveis
967;2023-08-15;122;1.0;28.71;1357;56.86;Loja Física;Cartão de Crédito;16.04;32.76;Sudeste;Alimentos
968;2023-09-25;191;;57.6;1364;;Distribuidor;Dinheiro;29.87;19.46;Sul;Eletrônicos
969;2023-04-08;157;94.0;85.64;1657;7389.32;Distribuidor;Cartão de Crédito;8.68;37.91;Nordeste;Eletrônicos
970;2023-08-27;121;79.0;400.33;1663;22538.95;Distribuidor;Boleto;28.89;49.65;Sul;Alimentos
971;2023-01-12;197;1.0;172.07;1291;184.79;Distribuidor;Transferência Bancária;9.25;28.64;Sul;Alimentos
972;2023-01-26;161;1.0;401.48;1377;339.46;Loja Física;Cartão de Crédito;17.27;7.32;Norte;Cosméticos
973;2023-04-08;141;97.0;;1803;;Online;Dinheiro;2.07;44.58;Centro-Oeste;Móveis
974;2023-12-18;199;12.0;284.75;1674;2542.6;Distribuidor;Cartão de Crédito;26.37;26.66;Centro-Oeste;Roupas
975;2023-10-29;141;30.0;318.43;1084;7834.65;Distribuidor;Cartão de Crédito;18.06;7.0;Nordeste;Eletrônicos
976;2023-09-20;123;6.0;263.08;1453;1431.22;Distribuidor;Transferência Bancária;11.94;41.21;Nordeste;Móveis
977;2023-03-31;152;70.0;412.53;1788;28346.26;Distribuidor;Transferência Bancária;1.92;23.6;Nordeste;Móveis
978;2023-12-11;123;58.0;194.18;1774;8829.66;Online;Dinheiro;21.88;31.44;Norte;Móveis
979;2023-02-08;172;31.0;3712.62;1904;100187.75;Loja Física;Transferência Bancária;12.96;12.35;Nordeste;Móveis
980;2023-02-21;141;19.0;66.39;1768;991.86;Loja Física;Dinheiro;23.4;25.62;Sul;Móveis
981;2023-01-17;160;17.0;385.59;1829;5039.6;Loja Física;Cartão de Crédito;23.36;15.83;Centro-Oeste;Cosméticos
982;2023-08-07;147;82.0;72.1;1748;4421.22;Online;Dinheiro;25.53;18.4;Sudeste;Cosméticos
983;2023-09-17;115;76.0;380.84;1601;25089.46;Loja Física;Cartão de Crédito;13.34;6.73;Sul;Alimentos
984;2023-12-13;136;10.0;165.41;1358;1663.16;Loja Física;Dinheiro;2.43;49.25;Sul;Cosméticos
985;2023-05-03;165;10.0;17.18;1071;165.56;Online;Transferência Bancária;18.11;24.87;Norte;Eletrônicos
986;2023-09-16;194;91.0;1311.99;1457;94627.29;Online;Transferência Bancária;20.78;45.67;Norte;Eletrônicos
987;2023-05-14;142;77.0;360.64;1378;24298.03;Online;Transferência Bancária;12.57;19.35;Norte;Cosméticos
988;2023-09-29;100;65.0;451.58;1774;21853.84;Distribuidor;Dinheiro;25.66;33.04;Centro-Oeste;Móveis
989;2023-12-01;183;29.0;383.64;1221;8156.12;Loja Física;Dinheiro;26.94;27.79;Nordeste;Alimentos
990;2023-06-30;106;78.0;279.17;1453;15775.18;Loja Física;Dinheiro;27.78;49.09;Centro-Oeste;Alimentos
991;2023-12-26;193;88.0;184.87;1932;12074.91;Online;Boleto;25.89;18.28;Centro-Oeste;Cosméticos
992;2023-09-21;167;59.0;283.57;1669;12490.28;Distribuidor;Dinheiro;25.62;46.04;Centro-Oeste;Roupas
993;2023-06-29;131;49.0;443.66;1103;17022.45;Online;Dinheiro;21.92;48.37;Centro-Oeste;Cosméticos
994;2023-12-25;129;28.0;432.57;1531;10708.69;Distribuidor;Transferência Bancária;11.92;40.48;Sudeste;Móveis
995;2023-09-07;116;26.0;14.75;1559;384.79;Online;Cartão de Crédito;5.99;24.26;Nordeste;Móveis
996;2023-07-03;167;85.0;340.03;1406;26265.82;Distribuidor;Dinheiro;9.27;42.54;Centro-Oeste;Cosméticos
997;2023-04-24;126;77.0;85.03;1067;6329.37;Online;Transferência Bancária;3.58;16.45;Centro-Oeste;Roupas
998;2023-07-25;106;25.0;403.84;1135;8132.07;Loja Física;Transferência Bancária;19.82;37.1;Centro-Oeste;Móveis
999;2023-11-08;111;6.0;424.06;1568;2530.7;Online;Boleto;2.03;37.99;Centro-Oeste;Eletrônicos
1000;2023-03-30;181;35.0;433.12;1093;13515.06;Distribuidor;Dinheiro;11.05;30.95;Nordeste;Eletrônicos
